from_node;to_node;edge_type
0;1;0
0;2;0
0;9;2
0;17;0
0;17;2
0;42;2
0;47;2
0;48;2
0;59;1
0;59;2
0;60;1
0;62;2
0;63;1
0;63;2
0;63;7
0;63;9
0;63;11
0;64;2
0;68;2
0;89;1
0;89;2
0;99;1
0;100;1
0;101;1
0;101;2
0;106;2
0;146;2
0;147;2
0;148;2
0;149;2
0;160;2
0;164;2
0;165;2
0;166;2
0;167;2
0;168;2
0;169;2
0;171;2
0;172;2
0;174;2
0;175;2
0;177;2
0;179;2
0;180;2
0;181;2
0;182;2
0;195;2
0;198;2
0;199;2
0;200;2
0;201;2
0;202;2
0;203;2
0;204;2
0;205;2
0;206;2
0;207;2
0;208;2
0;209;2
0;222;2
0;223;2
0;224;2
0;225;2
0;226;2
0;227;2
0;228;2
0;229;2
0;230;2
0;231;2
0;232;2
0;233;2
0;234;2
0;235;2
0;236;2
0;237;2
0;238;2
0;238;11
0;239;2
0;240;2
0;241;2
0;242;2
0;243;2
0;244;2
0;245;2
0;246;2
0;247;2
0;248;2
0;249;2
0;250;2
0;251;2
0;252;2
0;253;2
0;254;2
0;255;2
0;256;2
0;257;2
0;264;2
0;295;2
0;302;2
0;303;2
0;304;2
0;305;2
0;306;2
0;307;2
0;308;2
0;309;2
0;384;7
0;384;9
0;385;7
0;385;9
0;422;1
0;446;2
0;447;2
0;483;7
1;2;0
1;17;0
1;32;2
1;33;2
1;82;2
1;100;2
1;107;2
1;127;2
1;137;2
1;151;2
1;161;2
1;162;2
1;163;2
1;187;2
1;188;2
1;189;2
1;190;2
1;191;2
1;192;2
1;193;2
1;194;2
1;210;2
1;213;2
1;214;2
1;215;2
1;216;2
1;218;2
1;219;2
1;220;2
1;221;2
1;269;2
1;270;2
1;271;2
1;272;2
1;273;2
1;274;2
1;275;2
1;276;2
1;277;2
1;278;2
1;279;2
1;280;2
1;281;2
1;282;2
1;283;2
1;284;2
1;285;2
1;286;2
1;287;2
1;288;2
1;289;2
1;290;2
1;291;2
1;292;2
1;293;2
1;448;2
1;469;4
2;17;0
3;5;0
3;5;7
3;9;0
3;9;7
3;21;4
3;21;5
3;22;3
3;22;4
3;22;5
3;22;7
3;315;3
3;315;4
3;315;5
3;419;0
3;419;7
3;425;4
3;425;5
3;425;7
4;5;0
4;6;0
4;7;0
4;7;4
4;8;0
4;9;0
4;10;0
4;10;2
4;11;0
4;11;4
4;12;0
4;14;2
4;15;2
4;35;2
4;37;2
4;44;2
4;45;2
4;76;2
4;77;2
4;117;2
4;156;2
4;157;2
4;176;3
4;183;2
4;184;2
4;185;2
4;186;2
4;253;2
4;257;3
4;257;4
4;258;2
4;259;2
4;260;2
4;261;2
4;262;2
4;317;4
4;372;11
4;410;3
4;449;2
4;504;11
5;6;0
5;7;0
5;8;0
5;9;0
5;9;7
5;10;0
5;11;0
5;12;0
5;419;0
5;419;7
6;7;0
6;8;0
6;8;4
6;9;0
6;10;0
6;10;4
6;11;0
6;12;0
6;12;4
6;13;13
6;16;0
6;16;4
6;414;13
6;415;13
6;420;0
6;420;4
6;508;13
7;8;0
7;9;0
7;10;0
7;10;11
7;11;0
7;11;4
7;11;11
7;12;0
8;9;0
8;10;0
8;10;4
8;11;0
8;12;0
8;12;4
8;16;0
8;16;4
8;420;0
8;420;4
9;10;0
9;11;0
9;12;0
9;35;8
9;35;11
9;42;2
9;42;8
9;42;11
9;59;2
9;63;2
9;76;2
9;76;5
9;76;7
9;76;8
9;76;11
9;79;8
9;79;11
9;160;2
9;175;2
9;177;2
9;179;2
9;233;2
9;244;2
9;245;2
9;248;2
9;250;2
9;257;2
9;263;2
9;263;5
9;263;7
9;263;11
9;264;2
9;295;2
9;302;2
9;303;2
9;304;2
9;305;2
9;306;2
9;307;2
9;308;2
9;309;2
9;334;8
9;334;11
9;389;7
9;389;11
9;390;2
9;390;5
9;390;7
9;390;11
9;409;11
9;419;0
9;419;7
9;447;2
9;452;2
9;485;7
9;502;11
10;11;0
10;11;11
10;12;0
10;12;4
10;14;2
10;15;2
10;16;0
10;16;4
10;35;1
10;35;2
10;35;5
10;37;2
10;44;2
10;45;2
10;48;2
10;61;1
10;76;1
10;76;2
10;76;5
10;76;11
10;77;1
10;77;2
10;77;5
10;79;11
10;117;1
10;117;2
10;117;11
10;120;1
10;120;11
10;125;1
10;125;5
10;137;1
10;137;5
10;156;2
10;157;2
10;183;2
10;184;2
10;185;2
10;186;2
10;253;2
10;258;2
10;258;11
10;259;2
10;260;2
10;261;2
10;262;2
10;420;0
10;420;4
10;424;1
10;433;1
10;433;5
10;449;2
11;12;0
11;73;5
11;351;5
11;352;5
11;427;1
12;16;0
12;16;4
12;420;0
12;420;4
13;398;0
13;398;8
13;414;13
13;415;13
13;495;8
13;508;13
14;15;0
14;15;2
14;76;2
14;77;2
14;117;2
14;183;2
14;184;2
14;185;2
14;186;2
14;253;2
14;258;2
14;259;2
14;260;2
14;261;2
14;262;2
14;421;0
14;449;2
15;76;2
15;77;2
15;117;2
15;183;2
15;184;2
15;185;2
15;186;2
15;253;2
15;258;2
15;259;2
15;260;2
15;261;2
15;262;2
15;421;0
15;449;2
16;420;0
16;420;4
17;9;2
17;9;5
17;9;7
17;9;11
17;42;1
17;42;2
17;59;2
17;59;10
17;63;2
17;76;2
17;76;5
17;76;7
17;76;11
17;78;1
17;78;2
17;78;12
17;153;2
17;153;5
17;153;7
17;153;11
17;160;2
17;175;2
17;177;2
17;179;2
17;179;10
17;233;2
17;244;2
17;245;2
17;248;2
17;250;2
17;257;2
17;263;2
17;263;5
17;263;7
17;263;11
17;264;2
17;295;2
17;302;2
17;303;2
17;304;2
17;305;2
17;306;2
17;307;2
17;308;2
17;309;2
17;390;2
17;390;5
17;390;7
17;390;11
17;404;10
17;406;10
17;409;11
17;423;1
17;423;2
17;447;2
17;502;11
18;4;2
18;10;2
18;14;2
18;15;2
18;19;1
18;19;2
18;19;8
18;20;1
18;20;2
18;20;8
18;34;2
18;35;2
18;37;2
18;44;2
18;45;2
18;76;2
18;77;2
18;107;8
18;117;2
18;156;2
18;157;2
18;183;2
18;184;2
18;185;2
18;186;2
18;253;2
18;258;2
18;259;2
18;260;2
18;261;2
18;262;2
18;266;8
18;322;11
18;413;11
18;449;2
18;503;11
19;4;2
19;4;11
19;10;1
19;10;2
19;14;2
19;15;2
19;20;1
19;20;2
19;20;8
19;20;11
19;34;2
19;34;11
19;35;2
19;37;2
19;44;2
19;45;2
19;61;1
19;76;2
19;77;2
19;107;1
19;107;8
19;117;2
19;156;2
19;157;2
19;183;2
19;184;2
19;185;2
19;186;2
19;253;2
19;258;2
19;259;2
19;260;2
19;261;2
19;262;2
19;266;1
19;266;2
19;266;8
19;266;11
19;372;11
19;424;1
19;449;2
19;450;2
19;504;11
20;4;2
20;4;11
20;10;1
20;10;2
20;10;11
20;14;2
20;15;2
20;34;2
20;34;11
20;35;2
20;37;2
20;44;2
20;45;2
20;76;2
20;76;11
20;77;2
20;79;11
20;107;1
20;107;8
20;117;1
20;117;2
20;117;11
20;120;1
20;120;11
20;156;2
20;157;2
20;183;2
20;184;2
20;185;2
20;186;2
20;253;2
20;258;2
20;258;11
20;259;2
20;260;2
20;261;2
20;262;2
20;266;1
20;266;2
20;266;8
20;266;11
20;372;11
20;386;11
20;410;11
20;449;2
20;504;11
21;22;1
21;22;4
21;22;5
21;49;1
21;50;1
21;51;1
21;52;1
21;53;1
21;54;1
21;55;1
21;56;1
21;57;1
21;58;1
22;49;1
22;49;7
22;50;1
22;50;7
22;51;1
22;51;7
22;51;10
22;52;1
22;52;7
22;53;1
22;53;7
22;54;1
22;54;7
22;55;1
22;55;7
22;56;1
22;56;7
22;56;10
22;57;1
22;58;1
22;58;7
22;160;10
22;402;10
22;403;10
22;425;1
22;425;4
22;425;5
22;425;7
22;426;1
22;426;7
23;11;1
23;11;5
23;73;5
23;73;12
23;143;5
23;143;12
23;153;6
23;351;5
23;351;12
23;352;5
23;352;12
23;361;5
23;361;12
23;365;5
23;365;12
23;370;6
23;370;12
23;370;13
23;427;1
24;36;1
24;66;5
24;333;5
24;333;7
24;345;5
24;346;5
24;346;7
24;347;5
24;348;5
24;349;5
24;381;7
24;382;1
24;382;7
25;26;1
25;27;1
25;28;1
25;29;1
25;428;1
26;27;1
26;28;1
26;29;1
26;428;1
27;28;1
27;29;1
27;74;7
27;345;7
27;383;7
27;386;7
27;388;7
27;396;7
27;428;1
27;484;7
28;29;1
28;102;1
28;103;1
28;104;1
28;105;1
28;428;1
28;429;1
29;428;1
30;31;1
30;32;1
30;33;1
30;430;1
31;32;1
31;33;1
31;430;1
32;33;1
32;33;2
32;82;2
32;100;2
32;107;2
32;127;2
32;137;2
32;161;2
32;162;2
32;163;2
32;187;2
32;188;2
32;189;2
32;190;2
32;191;2
32;192;2
32;193;2
32;194;2
32;210;2
32;213;2
32;214;2
32;215;2
32;216;2
32;218;2
32;219;2
32;220;2
32;221;2
32;269;2
32;270;2
32;271;2
32;272;2
32;273;2
32;274;2
32;275;2
32;276;2
32;277;2
32;278;2
32;279;2
32;280;2
32;281;2
32;282;2
32;283;2
32;284;2
32;285;2
32;286;2
32;287;2
32;288;2
32;289;2
32;290;2
32;291;2
32;292;2
32;293;2
32;430;1
32;431;1
32;448;2
33;82;2
33;100;2
33;107;2
33;127;2
33;137;2
33;161;2
33;162;2
33;163;2
33;187;2
33;188;2
33;189;2
33;190;2
33;191;2
33;192;2
33;193;2
33;194;2
33;210;2
33;213;2
33;214;2
33;215;2
33;216;2
33;218;2
33;219;2
33;220;2
33;221;2
33;269;2
33;270;2
33;271;2
33;272;2
33;273;2
33;274;2
33;275;2
33;276;2
33;277;2
33;278;2
33;279;2
33;280;2
33;281;2
33;282;2
33;283;2
33;284;2
33;285;2
33;286;2
33;287;2
33;288;2
33;289;2
33;290;2
33;291;2
33;292;2
33;293;2
33;430;1
33;448;2
34;4;2
34;4;3
34;4;4
34;4;11
34;10;2
34;14;2
34;15;2
34;35;2
34;37;2
34;44;2
34;45;2
34;76;2
34;77;2
34;116;1
34;117;2
34;119;1
34;138;1
34;139;1
34;140;1
34;141;1
34;156;2
34;157;2
34;158;2
34;176;3
34;183;2
34;184;2
34;185;2
34;186;2
34;253;2
34;257;3
34;258;2
34;259;2
34;260;2
34;261;2
34;262;2
34;363;3
34;363;4
34;363;5
34;363;8
34;363;14
34;432;1
34;449;2
35;14;2
35;15;2
35;37;2
35;42;8
35;42;11
35;44;2
35;45;2
35;48;2
35;76;1
35;76;2
35;76;5
35;76;8
35;76;11
35;77;1
35;77;2
35;77;5
35;79;8
35;79;11
35;117;2
35;125;1
35;125;5
35;137;1
35;137;5
35;156;2
35;156;3
35;157;2
35;183;2
35;184;2
35;185;2
35;186;2
35;253;2
35;258;2
35;259;2
35;260;2
35;261;2
35;262;2
35;334;8
35;334;11
35;433;1
35;433;2
35;433;5
35;433;11
35;449;2
36;382;1
37;14;2
37;15;2
37;44;2
37;45;2
37;48;2
37;65;1
37;76;2
37;77;2
37;117;2
37;183;2
37;184;2
37;185;2
37;186;2
37;253;2
37;258;2
37;259;2
37;260;2
37;261;2
37;262;2
37;383;1
37;449;2
38;39;1
38;40;1
38;41;1
38;434;1
39;40;1
39;41;1
39;434;1
40;41;1
40;434;1
41;434;1
42;59;2
42;63;2
42;75;5
42;76;8
42;76;11
42;78;1
42;78;2
42;79;8
42;79;11
42;159;2
42;160;2
42;175;2
42;177;2
42;179;2
42;196;2
42;197;2
42;233;2
42;244;2
42;245;2
42;248;2
42;250;2
42;257;2
42;264;2
42;295;2
42;302;2
42;303;2
42;304;2
42;305;2
42;306;2
42;307;2
42;308;2
42;309;2
42;371;5
42;423;1
42;423;2
42;447;2
42;474;5
42;474;8
42;475;5
43;319;1
43;319;3
43;466;3
44;14;2
44;15;2
44;45;1
44;45;2
44;46;1
44;47;1
44;48;1
44;48;2
44;62;2
44;63;1
44;63;2
44;64;2
44;76;2
44;77;2
44;117;2
44;165;2
44;166;2
44;167;2
44;168;2
44;169;2
44;170;2
44;171;2
44;172;2
44;173;2
44;174;2
44;175;2
44;183;2
44;184;2
44;185;2
44;186;2
44;253;2
44;258;2
44;259;2
44;260;2
44;261;2
44;262;2
44;449;2
45;14;2
45;15;2
45;46;1
45;47;1
45;48;1
45;48;2
45;63;1
45;76;2
45;77;2
45;117;2
45;183;2
45;184;2
45;185;2
45;186;2
45;253;2
45;258;2
45;259;2
45;260;2
45;261;2
45;262;2
45;449;2
46;47;1
46;48;1
46;63;1
46;320;3
46;329;3
47;48;1
47;48;2
47;62;2
47;63;1
47;63;2
47;64;2
47;68;2
47;89;2
47;101;2
47;106;2
47;164;2
47;165;2
47;166;2
47;167;2
47;168;2
47;169;2
47;171;2
47;172;2
47;174;2
47;175;2
47;177;2
47;180;2
47;181;2
47;182;2
47;195;2
47;198;2
47;199;2
47;200;2
47;201;2
47;202;2
47;203;2
47;204;2
47;205;2
47;206;2
47;207;2
47;208;2
47;209;2
47;222;2
47;223;2
47;224;2
47;225;2
47;226;2
47;227;2
47;228;2
47;229;2
47;230;2
47;231;2
47;232;2
47;233;2
47;234;2
47;235;2
47;236;2
47;237;2
47;238;2
47;239;2
47;240;2
47;241;2
47;242;2
47;243;2
47;244;2
47;245;2
47;246;2
47;247;2
47;248;2
47;249;2
47;250;2
47;251;2
47;252;2
47;253;2
47;254;2
47;255;2
47;256;2
47;446;2
48;14;2
48;15;2
48;62;2
48;63;1
48;63;2
48;64;2
48;68;2
48;76;2
48;77;2
48;89;2
48;101;2
48;106;2
48;164;2
48;165;2
48;166;2
48;167;2
48;168;2
48;169;2
48;171;2
48;172;2
48;174;2
48;175;2
48;177;2
48;180;2
48;181;2
48;182;2
48;183;2
48;184;2
48;185;2
48;186;2
48;195;2
48;198;2
48;199;2
48;200;2
48;201;2
48;202;2
48;203;2
48;204;2
48;205;2
48;206;2
48;207;2
48;208;2
48;209;2
48;222;2
48;223;2
48;224;2
48;225;2
48;226;2
48;227;2
48;228;2
48;229;2
48;230;2
48;231;2
48;232;2
48;233;2
48;234;2
48;235;2
48;236;2
48;237;2
48;238;2
48;239;2
48;240;2
48;241;2
48;242;2
48;243;2
48;244;2
48;245;2
48;246;2
48;247;2
48;248;2
48;249;2
48;250;2
48;251;2
48;252;2
48;253;2
48;254;2
48;255;2
48;256;2
48;446;2
49;50;1
49;50;7
49;51;1
49;51;7
49;52;1
49;52;7
49;53;1
49;53;7
49;54;1
49;54;7
49;55;1
49;55;7
49;56;1
49;56;7
49;57;1
49;58;1
49;58;7
49;425;1
49;426;1
49;426;7
50;51;1
50;51;7
50;52;1
50;52;7
50;53;1
50;53;7
50;54;1
50;54;7
50;55;1
50;55;7
50;56;1
50;56;7
50;57;1
50;58;1
50;58;7
50;425;1
50;426;7
51;52;1
51;52;7
51;53;1
51;53;7
51;54;1
51;54;7
51;55;1
51;55;7
51;56;1
51;56;7
51;56;10
51;57;1
51;58;1
51;58;7
51;160;10
51;402;10
51;403;10
51;425;1
51;426;1
51;426;7
52;53;1
52;53;7
52;54;1
52;54;7
52;55;1
52;55;7
52;56;1
52;56;7
52;57;1
52;58;1
52;58;7
52;425;1
52;426;1
52;426;7
53;54;1
53;54;7
53;55;1
53;55;7
53;56;1
53;56;7
53;57;1
53;58;1
53;58;7
53;425;1
53;426;1
53;426;7
54;55;1
54;55;7
54;56;1
54;56;7
54;57;1
54;58;1
54;58;7
54;425;1
54;426;1
54;426;7
55;56;1
55;56;7
55;57;1
55;58;1
55;58;7
55;425;1
55;426;1
55;426;7
56;57;1
56;58;1
56;58;7
56;160;10
56;178;10
56;402;10
56;403;10
56;404;10
56;405;10
56;425;1
56;426;1
56;426;7
57;58;1
57;425;1
58;425;1
58;426;1
58;426;7
59;60;1
59;60;2
59;63;1
59;63;2
59;89;1
59;99;1
59;100;1
59;101;1
59;159;2
59;160;2
59;175;2
59;177;2
59;179;2
59;179;10
59;233;2
59;244;2
59;245;2
59;248;2
59;250;2
59;257;2
59;264;2
59;295;2
59;302;2
59;303;2
59;304;2
59;305;2
59;306;2
59;307;2
59;308;2
59;309;2
59;404;10
59;406;10
59;422;1
59;447;2
60;63;1
60;79;1
60;89;1
60;99;1
60;100;1
60;101;1
60;159;2
60;422;1
61;424;1
62;63;2
62;64;1
62;64;2
62;68;1
62;68;2
62;89;2
62;101;2
62;106;1
62;106;2
62;117;2
62;169;2
62;170;2
62;171;2
62;172;2
62;173;2
62;174;2
62;175;2
62;177;2
62;180;2
62;181;2
62;182;2
62;188;2
62;195;2
62;198;2
62;199;2
62;200;2
62;201;2
62;202;2
62;203;2
62;204;2
62;205;2
62;206;2
62;207;2
62;208;2
62;209;1
62;209;2
62;222;2
62;223;2
62;224;2
62;225;2
62;226;2
62;227;2
62;228;2
62;229;2
62;230;2
62;231;2
62;232;2
62;233;2
62;234;2
62;235;2
62;236;2
62;237;2
62;238;2
62;239;2
62;240;2
62;241;2
62;242;2
62;243;2
62;244;2
62;245;2
62;246;2
62;247;2
62;248;2
62;249;2
62;250;2
62;251;2
62;252;2
62;253;2
62;254;2
62;255;2
62;256;2
62;446;2
62;455;2
63;64;2
63;68;2
63;89;1
63;89;2
63;99;1
63;100;1
63;101;1
63;101;2
63;106;2
63;170;2
63;171;2
63;172;2
63;173;2
63;174;2
63;175;2
63;177;2
63;179;2
63;180;2
63;181;2
63;182;2
63;195;2
63;196;2
63;198;2
63;199;2
63;200;2
63;201;2
63;202;2
63;203;2
63;204;2
63;205;2
63;206;2
63;207;2
63;208;2
63;209;2
63;222;2
63;223;2
63;224;2
63;225;2
63;226;2
63;227;2
63;228;2
63;229;2
63;230;2
63;231;2
63;232;2
63;233;2
63;234;2
63;235;2
63;236;2
63;237;2
63;238;2
63;238;11
63;239;2
63;240;2
63;241;2
63;242;2
63;243;2
63;244;2
63;245;2
63;246;2
63;247;2
63;248;2
63;249;2
63;250;2
63;251;2
63;252;2
63;253;2
63;254;2
63;255;2
63;256;2
63;257;2
63;264;2
63;295;2
63;302;2
63;303;2
63;304;2
63;305;2
63;306;2
63;307;2
63;308;2
63;309;2
63;384;7
63;384;9
63;385;7
63;385;9
63;417;14
63;422;1
63;446;2
63;447;2
63;483;7
63;511;14
64;68;1
64;68;2
64;89;2
64;101;2
64;106;1
64;106;2
64;170;2
64;171;2
64;172;2
64;173;2
64;174;2
64;175;2
64;177;2
64;180;2
64;181;2
64;182;2
64;195;2
64;198;2
64;199;2
64;200;2
64;201;2
64;202;2
64;203;2
64;204;2
64;205;2
64;206;2
64;207;2
64;208;2
64;209;1
64;209;2
64;222;2
64;223;2
64;224;2
64;225;2
64;226;2
64;227;2
64;228;2
64;229;2
64;230;2
64;231;2
64;232;2
64;233;2
64;234;2
64;235;2
64;236;2
64;237;2
64;238;2
64;239;2
64;240;2
64;241;2
64;242;2
64;243;2
64;244;2
64;245;2
64;246;2
64;247;2
64;248;2
64;249;2
64;250;2
64;251;2
64;252;2
64;253;2
64;254;2
64;255;2
64;256;2
64;446;2
65;383;1
66;346;5
66;347;5
66;348;1
66;348;5
66;349;5
67;328;1
67;328;4
67;360;4
67;468;3
67;468;4
68;89;2
68;101;2
68;106;1
68;106;2
68;181;2
68;182;2
68;195;2
68;198;2
68;199;2
68;200;2
68;201;2
68;202;2
68;203;2
68;204;2
68;205;2
68;206;2
68;207;2
68;208;2
68;209;1
68;209;2
68;222;2
68;223;2
68;224;2
68;225;2
68;226;2
68;227;2
68;228;2
68;229;2
68;230;2
68;231;2
68;232;2
68;233;2
68;234;2
68;235;2
68;236;2
68;237;2
68;238;2
68;239;2
68;240;2
68;241;2
68;242;2
68;243;2
68;244;2
68;245;2
68;246;2
68;247;2
68;248;2
68;249;2
68;250;2
68;251;2
68;252;2
68;253;2
68;254;2
68;255;2
68;256;2
68;446;2
69;70;5
69;70;12
69;88;1
69;91;1
69;93;1
69;94;1
69;96;1
69;97;1
69;98;1
69;435;1
69;442;4
69;442;14
69;496;8
70;116;2
70;119;2
70;123;2
70;126;1
70;126;2
70;126;7
70;127;1
70;127;2
70;140;2
70;264;2
70;265;2
70;266;2
70;267;2
70;268;2
70;296;2
70;301;2
70;457;2
71;72;1
71;72;4
71;72;10
71;72;11
71;120;1
71;120;4
71;120;11
71;142;1
71;142;4
71;142;11
71;436;1
71;436;4
71;436;11
71;500;10
72;120;1
72;120;4
72;120;11
72;142;1
72;142;4
72;142;11
72;436;1
72;436;4
72;436;11
72;500;10
73;108;1
73;109;1
73;110;1
73;111;1
73;112;1
73;113;1
73;143;5
73;143;12
73;361;1
73;361;5
73;361;12
73;365;5
73;365;12
73;393;7
73;488;7
74;75;1
74;388;7
74;391;7
74;396;7
74;437;1
74;484;7
74;489;7
74;490;7
75;81;4
75;263;4
75;332;4
75;437;1
75;475;5
76;77;1
76;77;2
76;77;5
76;79;8
76;79;11
76;117;2
76;117;11
76;120;11
76;125;1
76;125;5
76;137;1
76;137;5
76;184;2
76;185;2
76;186;2
76;253;2
76;258;2
76;258;11
76;259;2
76;260;2
76;261;2
76;262;2
76;263;2
76;263;5
76;263;7
76;263;11
76;378;6
76;379;6
76;380;6
76;390;2
76;390;5
76;390;7
76;390;11
76;433;1
76;433;2
76;433;5
76;433;11
76;449;2
76;482;6
77;117;2
77;125;1
77;125;5
77;137;1
77;137;5
77;253;2
77;258;2
77;259;2
77;260;2
77;261;2
77;262;2
77;433;1
77;433;5
77;449;2
78;80;4
78;81;1
78;81;4
78;196;2
78;197;2
78;332;4
78;423;1
78;423;2
78;438;1
78;472;4
79;99;1
79;117;1
79;117;11
79;120;11
79;125;1
79;258;1
79;258;11
79;439;1
79;439;11
79;505;11
79;506;11
80;81;1
80;81;4
80;88;1
80;89;1
80;90;1
80;91;1
80;92;1
80;93;1
80;94;1
80;95;1
80;96;1
80;97;1
80;332;4
80;472;4
81;88;1
81;89;1
81;90;1
81;91;1
81;92;1
81;93;1
81;94;1
81;95;1
81;96;1
81;97;1
81;263;4
81;332;4
81;438;1
81;472;4
82;100;2
82;107;2
82;114;1
82;115;1
82;116;1
82;117;1
82;118;1
82;119;1
82;127;2
82;137;2
82;188;2
82;189;2
82;190;2
82;191;2
82;192;2
82;193;2
82;194;2
82;210;2
82;213;2
82;214;2
82;215;2
82;216;2
82;218;2
82;219;2
82;220;2
82;221;2
82;269;2
82;270;2
82;271;2
82;272;2
82;273;2
82;274;2
82;275;2
82;276;2
82;277;2
82;278;2
82;279;2
82;280;2
82;281;2
82;282;2
82;283;2
82;284;2
82;285;2
82;286;2
82;287;2
82;288;2
82;289;2
82;290;2
82;291;2
82;292;2
82;293;2
82;448;2
82;459;2
83;84;1
83;85;1
83;86;1
83;87;1
83;121;1
83;122;1
83;440;1
83;441;1
84;85;1
84;86;1
84;87;1
84;440;1
85;86;1
85;87;1
85;440;1
86;87;1
86;440;1
87;440;1
88;89;1
88;90;1
88;91;1
88;92;1
88;93;1
88;94;1
88;95;1
88;96;1
88;97;1
88;98;1
88;435;1
89;90;1
89;91;1
89;92;1
89;93;1
89;94;1
89;95;1
89;96;1
89;97;1
89;99;1
89;100;1
89;101;1
89;101;2
89;106;2
89;195;2
89;198;2
89;199;2
89;200;2
89;201;2
89;202;2
89;203;2
89;204;2
89;205;2
89;206;2
89;207;2
89;208;2
89;209;2
89;222;2
89;223;2
89;224;2
89;225;2
89;226;2
89;227;2
89;228;2
89;229;2
89;230;2
89;231;2
89;232;2
89;233;2
89;234;2
89;235;2
89;236;2
89;237;2
89;238;2
89;239;2
89;240;2
89;241;2
89;242;2
89;243;2
89;244;2
89;245;2
89;246;2
89;247;2
89;248;2
89;249;2
89;250;2
89;251;2
89;252;2
89;253;2
89;254;2
89;255;2
89;256;2
89;422;1
89;446;2
90;91;1
90;92;1
90;93;1
90;94;1
90;95;1
90;96;1
90;97;1
91;92;1
91;93;1
91;94;1
91;95;1
91;96;1
91;97;1
91;98;1
91;435;1
92;93;1
92;94;1
92;95;1
92;96;1
92;97;1
93;94;1
93;95;1
93;96;1
93;97;1
93;98;1
93;435;1
93;442;1
94;95;1
94;96;1
94;97;1
94;97;14
94;98;1
94;435;1
95;96;1
95;97;1
96;97;1
96;98;1
96;310;3
96;310;4
96;435;1
97;98;1
97;435;1
98;435;1
99;100;1
99;101;1
99;422;1
100;101;1
100;107;2
100;127;2
100;137;2
100;210;2
100;213;2
100;214;2
100;215;2
100;216;2
100;218;2
100;219;2
100;220;2
100;221;2
100;269;2
100;270;2
100;271;2
100;272;2
100;273;2
100;274;2
100;275;2
100;276;2
100;277;2
100;278;2
100;279;2
100;280;2
100;281;2
100;282;2
100;283;2
100;284;2
100;285;2
100;286;2
100;287;2
100;288;2
100;289;2
100;290;2
100;291;2
100;292;2
100;293;2
100;422;1
100;448;2
101;106;2
101;198;2
101;199;2
101;200;2
101;201;2
101;202;2
101;203;2
101;204;2
101;205;2
101;206;2
101;207;2
101;208;2
101;209;2
101;222;2
101;223;2
101;224;2
101;225;2
101;226;2
101;227;2
101;228;2
101;229;2
101;230;2
101;231;2
101;232;2
101;233;2
101;234;2
101;235;2
101;236;2
101;237;2
101;238;2
101;239;2
101;240;2
101;241;2
101;242;2
101;243;2
101;244;2
101;245;2
101;246;2
101;247;2
101;248;2
101;249;2
101;250;2
101;251;2
101;252;2
101;253;2
101;254;2
101;255;2
101;256;2
101;422;1
101;446;2
102;103;1
102;104;1
102;105;1
102;429;1
103;104;1
103;105;1
103;429;1
104;105;1
104;429;1
105;429;1
106;117;2
106;200;2
106;201;2
106;202;2
106;203;2
106;204;2
106;205;2
106;206;2
106;207;2
106;208;2
106;209;1
106;209;2
106;222;2
106;223;2
106;224;2
106;225;2
106;226;2
106;227;2
106;228;2
106;229;2
106;230;2
106;231;2
106;232;2
106;233;2
106;234;2
106;235;2
106;236;2
106;237;2
106;238;2
106;239;2
106;240;2
106;241;2
106;242;2
106;243;2
106;244;2
106;245;2
106;246;2
106;247;2
106;248;2
106;249;2
106;250;2
106;251;2
106;252;2
106;253;2
106;254;2
106;255;2
106;256;2
106;446;2
106;455;2
107;127;2
107;137;2
107;216;2
107;216;11
107;217;2
107;218;2
107;218;11
107;219;2
107;219;11
107;220;2
107;220;11
107;221;2
107;221;11
107;266;1
107;266;8
107;269;2
107;270;2
107;271;2
107;272;2
107;273;2
107;274;2
107;274;11
107;275;2
107;276;2
107;277;2
107;278;2
107;279;2
107;280;2
107;281;2
107;282;2
107;283;2
107;284;2
107;285;2
107;286;2
107;287;2
107;288;2
107;289;2
107;290;2
107;291;2
107;292;2
107;293;2
107;311;2
107;448;2
107;460;2
108;109;1
108;110;1
108;111;1
108;112;1
108;113;1
108;361;1
109;110;1
109;111;1
109;112;1
109;113;1
109;361;1
110;111;1
110;112;1
110;113;1
110;361;1
111;112;1
111;113;1
111;361;1
112;113;1
112;361;1
113;361;1
114;115;1
114;116;1
114;117;1
114;118;1
114;119;1
115;116;1
115;117;1
115;118;1
115;119;1
116;117;1
116;118;1
116;119;1
116;119;2
116;123;1
116;123;2
116;124;1
116;138;1
116;139;1
116;140;1
116;140;2
116;141;1
116;264;2
116;265;2
116;267;2
116;268;2
116;296;2
116;301;2
116;432;1
116;457;2
117;118;1
117;119;1
117;120;1
117;120;11
117;123;1
117;124;1
117;125;1
117;222;2
117;253;2
117;258;1
117;258;2
117;258;11
117;259;2
117;260;2
117;261;2
117;262;2
117;439;1
117;439;11
117;449;2
117;455;2
118;119;1
119;123;1
119;123;2
119;124;1
119;138;1
119;139;1
119;140;1
119;140;2
119;141;1
119;264;2
119;265;2
119;267;2
119;268;2
119;296;2
119;301;2
119;432;1
119;457;2
120;142;1
120;142;4
120;142;11
120;258;11
120;436;1
120;436;4
120;436;11
121;122;1
121;441;1
122;441;1
123;124;1
123;140;2
123;264;2
123;265;2
123;266;2
123;267;2
123;268;2
123;296;2
123;301;2
123;457;2
123;507;11
123;507;12
124;126;1
124;127;1
124;128;1
124;129;1
124;130;1
124;131;1
124;132;1
124;133;1
124;134;1
124;135;1
124;443;1
125;137;1
125;137;5
125;258;1
125;433;1
125;433;5
126;127;1
126;127;2
126;127;9
126;128;1
126;129;1
126;130;1
126;131;1
126;132;1
126;133;1
126;134;1
126;135;1
126;443;1
127;128;1
127;129;1
127;130;1
127;131;1
127;132;1
127;133;1
127;134;1
127;135;1
127;137;2
127;269;2
127;270;2
127;271;2
127;272;2
127;273;2
127;274;2
127;275;2
127;276;2
127;277;2
127;278;2
127;279;2
127;280;2
127;281;2
127;282;2
127;283;2
127;284;2
127;285;2
127;286;2
127;287;2
127;288;2
127;289;2
127;290;2
127;291;2
127;292;2
127;293;2
127;443;1
127;448;2
128;129;1
128;130;1
128;131;1
128;132;1
128;133;1
128;134;1
128;135;1
128;443;1
129;130;1
129;131;1
129;132;1
129;133;1
129;134;1
129;135;1
129;443;1
130;131;1
130;132;1
130;133;1
130;134;1
130;135;1
130;443;1
131;132;1
131;133;1
131;134;1
131;135;1
131;443;1
132;133;1
132;134;1
132;135;1
132;443;1
133;134;1
133;135;1
133;443;1
134;135;1
134;443;1
135;443;1
136;444;1
136;444;7
137;293;2
137;433;1
137;433;5
137;448;2
138;139;1
138;140;1
138;141;1
138;432;1
139;140;1
139;141;1
139;432;1
140;141;1
140;296;2
140;301;2
140;432;1
140;457;2
141;432;1
142;436;1
142;436;4
142;436;11
143;144;1
143;145;1
143;445;1
144;145;1
144;445;1
145;445;1
146;47;2
146;48;2
146;62;2
146;63;2
146;64;2
146;68;2
146;89;2
146;101;2
146;106;2
146;147;2
146;148;2
146;149;2
146;164;2
146;165;2
146;166;2
146;167;2
146;168;2
146;169;2
146;171;2
146;172;2
146;174;2
146;175;2
146;177;2
146;180;2
146;181;2
146;182;2
146;195;2
146;198;2
146;199;2
146;200;2
146;201;2
146;202;2
146;203;2
146;204;2
146;205;2
146;206;2
146;207;2
146;208;2
146;209;2
146;222;2
146;223;2
146;224;2
146;225;2
146;226;2
146;226;7
146;227;2
146;228;2
146;229;2
146;230;2
146;231;2
146;232;2
146;233;2
146;234;2
146;235;2
146;236;2
146;237;2
146;238;2
146;239;2
146;240;2
146;241;2
146;242;2
146;243;2
146;244;2
146;245;2
146;246;2
146;247;2
146;248;2
146;249;2
146;250;2
146;251;2
146;252;2
146;253;2
146;254;2
146;255;2
146;256;2
146;446;2
146;451;2
147;47;2
147;48;2
147;62;2
147;63;2
147;64;2
147;68;2
147;89;2
147;101;2
147;106;2
147;148;2
147;149;2
147;164;2
147;165;2
147;166;2
147;167;2
147;168;2
147;169;2
147;171;2
147;172;2
147;174;2
147;175;2
147;177;2
147;180;2
147;181;2
147;182;2
147;195;2
147;198;2
147;199;2
147;200;2
147;201;2
147;202;2
147;203;2
147;204;2
147;205;2
147;206;2
147;207;2
147;208;2
147;209;2
147;222;2
147;223;2
147;224;2
147;225;2
147;226;2
147;227;2
147;228;2
147;229;2
147;230;2
147;231;2
147;232;2
147;233;2
147;234;2
147;235;2
147;236;2
147;237;2
147;238;2
147;239;2
147;240;2
147;241;2
147;242;2
147;243;2
147;244;2
147;245;2
147;246;2
147;247;2
147;248;2
147;249;2
147;250;2
147;251;2
147;252;2
147;253;2
147;254;2
147;255;2
147;256;2
147;446;2
148;47;2
148;48;2
148;62;2
148;63;2
148;64;2
148;68;2
148;89;2
148;101;2
148;106;2
148;149;2
148;164;2
148;165;2
148;166;2
148;167;2
148;168;2
148;169;2
148;171;2
148;172;2
148;174;2
148;175;2
148;177;2
148;180;2
148;181;2
148;182;2
148;195;2
148;198;2
148;199;2
148;200;2
148;201;2
148;202;2
148;203;2
148;204;2
148;205;2
148;206;2
148;207;2
148;208;2
148;209;2
148;222;2
148;223;2
148;224;2
148;225;2
148;226;2
148;227;2
148;228;2
148;229;2
148;230;2
148;231;2
148;232;2
148;233;2
148;234;2
148;235;2
148;236;2
148;237;2
148;238;2
148;239;2
148;240;2
148;241;2
148;242;2
148;243;2
148;244;2
148;245;2
148;246;2
148;247;2
148;248;2
148;249;2
148;250;2
148;251;2
148;252;2
148;253;2
148;254;2
148;255;2
148;256;2
148;446;2
149;34;2
149;37;2
149;47;2
149;48;2
149;62;2
149;63;2
149;64;2
149;68;2
149;89;2
149;101;2
149;106;2
149;157;2
149;158;2
149;164;2
149;165;2
149;166;2
149;167;2
149;168;2
149;169;2
149;171;2
149;172;2
149;174;2
149;175;2
149;177;2
149;180;2
149;181;2
149;182;2
149;195;2
149;198;2
149;199;2
149;200;2
149;201;2
149;202;2
149;203;2
149;204;2
149;205;2
149;206;2
149;207;2
149;208;2
149;209;2
149;222;2
149;223;2
149;224;2
149;225;2
149;226;2
149;227;2
149;228;2
149;229;2
149;230;2
149;231;2
149;232;2
149;233;2
149;234;2
149;235;2
149;236;2
149;237;2
149;238;2
149;239;2
149;240;2
149;241;2
149;242;2
149;243;2
149;244;2
149;245;2
149;246;2
149;247;2
149;248;2
149;249;2
149;250;2
149;251;2
149;252;2
149;253;2
149;254;2
149;255;2
149;256;2
149;446;2
150;151;3
150;152;2
150;152;3
150;313;3
150;314;3
150;336;2
151;32;2
151;33;2
151;82;2
151;100;2
151;107;2
151;127;2
151;137;2
151;152;3
151;161;2
151;162;2
151;163;2
151;187;2
151;188;2
151;189;2
151;190;2
151;191;2
151;192;2
151;193;2
151;194;2
151;210;2
151;213;2
151;214;2
151;215;2
151;216;2
151;218;2
151;219;2
151;220;2
151;221;2
151;269;2
151;270;2
151;271;2
151;272;2
151;273;2
151;274;2
151;275;2
151;276;2
151;277;2
151;278;2
151;279;2
151;280;2
151;281;2
151;282;2
151;283;2
151;284;2
151;285;2
151;286;2
151;287;2
151;288;2
151;289;2
151;290;2
151;291;2
151;292;2
151;293;2
151;448;2
152;42;5
152;42;8
152;336;2
152;373;6
152;377;6
152;474;5
152;474;8
152;481;6
153;9;2
153;9;5
153;9;7
153;9;11
153;76;2
153;76;5
153;76;7
153;76;11
153;263;2
153;263;5
153;263;7
153;263;11
153;390;2
153;390;5
153;390;7
153;390;11
153;409;11
153;502;11
154;155;2
154;155;3
154;155;4
154;155;8
154;155;11
154;155;14
154;210;2
154;210;3
154;210;11
154;215;2
154;215;3
154;215;11
154;218;2
154;218;3
154;218;8
154;218;11
154;411;3
154;411;4
154;411;11
154;411;14
154;467;11
154;510;14
155;210;2
155;210;3
155;210;11
155;215;2
155;215;3
155;215;11
155;218;2
155;218;3
155;218;8
155;218;11
155;411;3
155;411;4
155;411;11
155;411;14
155;467;11
155;510;14
156;14;2
156;15;2
156;37;2
156;44;2
156;45;2
156;48;2
156;76;2
156;77;2
156;117;2
156;157;2
156;183;2
156;184;2
156;185;2
156;186;2
156;253;2
156;258;2
156;259;2
156;260;2
156;261;2
156;262;2
156;449;2
157;14;2
157;15;2
157;37;2
157;44;2
157;45;2
157;48;2
157;76;2
157;77;2
157;117;2
157;158;2
157;183;2
157;184;2
157;185;2
157;186;2
157;253;2
157;258;2
157;259;2
157;260;2
157;261;2
157;262;2
157;449;2
158;37;2
158;76;6
158;79;11
158;327;6
158;334;6
158;371;6
158;378;6
158;379;6
158;380;6
158;412;11
158;482;6
159;78;2
159;196;2
159;197;2
159;423;2
160;63;2
160;175;2
160;177;2
160;179;2
160;233;2
160;244;2
160;245;2
160;248;2
160;250;2
160;257;2
160;264;2
160;295;2
160;302;2
160;303;2
160;304;2
160;305;2
160;306;2
160;307;2
160;308;2
160;309;2
160;447;2
161;82;2
161;100;2
161;107;2
161;127;2
161;137;2
161;162;2
161;162;5
161;162;8
161;162;9
161;162;11
161;163;2
161;163;5
161;163;8
161;163;9
161;163;11
161;187;2
161;188;2
161;189;2
161;190;2
161;191;2
161;192;2
161;193;2
161;194;2
161;210;2
161;213;2
161;214;2
161;215;2
161;216;2
161;218;2
161;219;2
161;220;2
161;221;2
161;269;2
161;270;2
161;271;2
161;272;2
161;273;2
161;274;2
161;275;2
161;276;2
161;277;2
161;278;2
161;279;2
161;280;2
161;281;2
161;282;2
161;283;2
161;284;2
161;285;2
161;286;2
161;287;2
161;288;2
161;289;2
161;290;2
161;291;2
161;292;2
161;293;2
161;448;2
162;82;2
162;100;2
162;107;2
162;127;2
162;137;2
162;163;2
162;163;5
162;163;8
162;163;9
162;163;11
162;187;2
162;188;2
162;189;2
162;190;2
162;191;2
162;192;2
162;193;2
162;194;2
162;210;2
162;213;2
162;214;2
162;215;2
162;216;2
162;218;2
162;219;2
162;220;2
162;221;2
162;269;2
162;270;2
162;271;2
162;272;2
162;273;2
162;274;2
162;275;2
162;276;2
162;277;2
162;278;2
162;279;2
162;280;2
162;281;2
162;282;2
162;283;2
162;284;2
162;285;2
162;286;2
162;287;2
162;288;2
162;289;2
162;290;2
162;291;2
162;292;2
162;293;2
162;448;2
163;82;2
163;100;2
163;107;2
163;127;2
163;137;2
163;187;2
163;188;2
163;189;2
163;190;2
163;191;2
163;192;2
163;193;2
163;194;2
163;210;2
163;213;2
163;214;2
163;215;2
163;216;2
163;218;2
163;219;2
163;220;2
163;221;2
163;269;2
163;270;2
163;271;2
163;272;2
163;273;2
163;274;2
163;275;2
163;276;2
163;277;2
163;278;2
163;279;2
163;280;2
163;281;2
163;282;2
163;283;2
163;284;2
163;285;2
163;286;2
163;287;2
163;288;2
163;289;2
163;290;2
163;291;2
163;292;2
163;293;2
163;448;2
164;62;2
164;63;2
164;64;2
164;68;2
164;89;2
164;101;2
164;106;2
164;165;2
164;165;3
164;165;4
164;165;11
164;166;2
164;166;3
164;166;4
164;166;11
164;167;2
164;168;2
164;169;2
164;171;2
164;172;2
164;174;2
164;175;2
164;177;2
164;180;2
164;181;2
164;182;2
164;195;2
164;198;2
164;199;2
164;200;2
164;201;2
164;202;2
164;203;2
164;204;2
164;205;2
164;206;2
164;207;2
164;207;3
164;207;4
164;208;2
164;209;2
164;222;2
164;223;2
164;224;2
164;225;2
164;226;2
164;227;2
164;228;2
164;229;2
164;230;2
164;231;2
164;232;2
164;233;2
164;234;2
164;235;2
164;236;2
164;237;2
164;238;2
164;239;2
164;240;2
164;241;2
164;242;2
164;243;2
164;244;2
164;245;2
164;246;2
164;247;2
164;248;2
164;249;2
164;250;2
164;251;2
164;252;2
164;253;2
164;254;2
164;255;2
164;256;2
164;446;2
164;453;2
164;454;2
164;467;3
164;467;4
165;62;2
165;63;2
165;64;2
165;68;2
165;89;2
165;101;2
165;106;2
165;166;2
165;166;3
165;166;4
165;166;11
165;167;2
165;168;2
165;169;2
165;170;2
165;171;2
165;172;2
165;173;2
165;174;2
165;175;2
165;177;2
165;180;2
165;181;2
165;182;2
165;195;2
165;198;2
165;199;2
165;200;2
165;201;2
165;202;2
165;203;2
165;204;2
165;205;2
165;206;2
165;207;2
165;207;3
165;207;4
165;208;2
165;209;2
165;222;2
165;223;2
165;224;2
165;225;2
165;226;2
165;227;2
165;228;2
165;229;2
165;230;2
165;231;2
165;232;2
165;233;2
165;234;2
165;235;2
165;236;2
165;237;2
165;238;2
165;239;2
165;240;2
165;241;2
165;242;2
165;243;2
165;244;2
165;245;2
165;246;2
165;247;2
165;248;2
165;249;2
165;250;2
165;251;2
165;252;2
165;253;2
165;254;2
165;255;2
165;256;2
165;446;2
165;453;2
165;467;3
165;467;4
166;62;2
166;63;2
166;64;2
166;68;2
166;89;2
166;101;2
166;106;2
166;167;2
166;168;2
166;169;2
166;170;2
166;171;2
166;172;2
166;173;2
166;174;2
166;175;2
166;177;2
166;180;2
166;181;2
166;182;2
166;195;2
166;198;2
166;199;2
166;200;2
166;201;2
166;202;2
166;203;2
166;204;2
166;205;2
166;206;2
166;207;2
166;207;3
166;207;4
166;208;2
166;209;2
166;222;2
166;223;2
166;224;2
166;225;2
166;226;2
166;227;2
166;228;2
166;229;2
166;230;2
166;231;2
166;232;2
166;233;2
166;234;2
166;235;2
166;236;2
166;237;2
166;238;2
166;239;2
166;240;2
166;241;2
166;242;2
166;243;2
166;244;2
166;245;2
166;246;2
166;247;2
166;248;2
166;249;2
166;250;2
166;251;2
166;252;2
166;253;2
166;254;2
166;255;2
166;256;2
166;446;2
166;453;2
166;467;3
166;467;4
167;62;2
167;63;2
167;64;2
167;68;2
167;89;2
167;101;2
167;106;2
167;168;2
167;169;2
167;170;2
167;171;2
167;172;2
167;173;2
167;174;2
167;175;2
167;177;2
167;180;2
167;181;2
167;182;2
167;195;2
167;198;2
167;199;2
167;200;2
167;201;2
167;202;2
167;203;2
167;204;2
167;205;2
167;206;2
167;207;2
167;208;2
167;209;2
167;222;2
167;223;2
167;224;2
167;225;2
167;226;2
167;227;2
167;228;2
167;229;2
167;230;2
167;231;2
167;232;2
167;233;2
167;234;2
167;235;2
167;236;2
167;237;2
167;238;2
167;239;2
167;240;2
167;241;2
167;242;2
167;243;2
167;244;2
167;245;2
167;246;2
167;247;2
167;248;2
167;249;2
167;250;2
167;251;2
167;252;2
167;253;2
167;254;2
167;255;2
167;256;2
167;446;2
168;62;2
168;63;2
168;64;2
168;68;2
168;89;2
168;101;2
168;106;2
168;169;2
168;170;2
168;171;2
168;172;2
168;173;2
168;174;2
168;175;2
168;177;2
168;180;2
168;181;2
168;182;2
168;195;2
168;198;2
168;199;2
168;200;2
168;201;2
168;202;2
168;203;2
168;204;2
168;205;2
168;206;2
168;207;2
168;208;2
168;209;2
168;222;2
168;223;2
168;224;2
168;225;2
168;226;2
168;227;2
168;228;2
168;229;2
168;230;2
168;231;2
168;232;2
168;233;2
168;234;2
168;235;2
168;236;2
168;237;2
168;238;2
168;239;2
168;240;2
168;241;2
168;242;2
168;243;2
168;244;2
168;245;2
168;246;2
168;247;2
168;248;2
168;249;2
168;250;2
168;251;2
168;252;2
168;253;2
168;254;2
168;255;2
168;256;2
168;446;2
169;63;2
169;64;2
169;68;2
169;89;2
169;101;2
169;106;2
169;170;2
169;171;2
169;172;2
169;173;2
169;174;2
169;175;2
169;177;2
169;180;2
169;181;2
169;182;2
169;195;2
169;198;2
169;199;2
169;200;2
169;201;2
169;202;2
169;203;2
169;204;2
169;205;2
169;206;2
169;207;2
169;208;2
169;209;2
169;222;2
169;223;2
169;224;2
169;225;2
169;226;2
169;227;2
169;228;2
169;229;2
169;230;2
169;231;2
169;232;2
169;233;2
169;234;2
169;235;2
169;236;2
169;237;2
169;238;2
169;239;2
169;240;2
169;241;2
169;242;2
169;243;2
169;244;2
169;245;2
169;246;2
169;247;2
169;248;2
169;249;2
169;250;2
169;251;2
169;252;2
169;253;2
169;254;2
169;255;2
169;256;2
169;446;2
170;171;2
170;172;2
170;173;2
170;174;2
170;175;2
170;177;2
170;182;2
171;68;2
171;89;2
171;101;2
171;106;2
171;172;2
171;173;2
171;174;2
171;175;2
171;175;10
171;177;2
171;177;10
171;180;2
171;181;2
171;182;2
171;195;2
171;198;2
171;199;2
171;200;2
171;201;2
171;202;2
171;203;2
171;204;2
171;205;2
171;206;2
171;207;2
171;208;2
171;209;2
171;222;2
171;223;2
171;224;2
171;225;2
171;226;2
171;227;2
171;228;2
171;229;2
171;230;2
171;231;2
171;232;2
171;233;2
171;233;10
171;234;2
171;235;2
171;236;2
171;237;2
171;238;2
171;239;2
171;240;2
171;241;2
171;242;2
171;243;2
171;244;2
171;245;2
171;246;2
171;247;2
171;248;2
171;249;2
171;250;2
171;251;2
171;252;2
171;253;2
171;254;2
171;255;2
171;256;2
171;446;2
171;456;2
172;68;2
172;89;2
172;101;2
172;106;2
172;173;2
172;174;2
172;175;2
172;177;2
172;180;2
172;181;2
172;182;2
172;195;2
172;198;2
172;199;2
172;200;2
172;201;2
172;202;2
172;203;2
172;204;2
172;205;2
172;206;2
172;207;2
172;208;2
172;209;2
172;222;2
172;223;2
172;224;2
172;225;2
172;226;2
172;227;2
172;228;2
172;229;2
172;230;2
172;231;2
172;232;2
172;233;2
172;234;2
172;235;2
172;236;2
172;237;2
172;238;2
172;239;2
172;240;2
172;241;2
172;242;2
172;243;2
172;244;2
172;245;2
172;246;2
172;247;2
172;248;2
172;249;2
172;250;2
172;251;2
172;252;2
172;253;2
172;254;2
172;255;2
172;256;2
172;446;2
173;174;2
173;175;2
174;68;2
174;89;2
174;101;2
174;106;2
174;175;2
174;177;2
174;180;2
174;181;2
174;182;2
174;195;2
174;198;2
174;199;2
174;200;2
174;201;2
174;202;2
174;203;2
174;204;2
174;205;2
174;206;2
174;207;2
174;208;2
174;209;2
174;222;2
174;223;2
174;224;2
174;225;2
174;226;2
174;227;2
174;228;2
174;229;2
174;230;2
174;231;2
174;232;2
174;233;2
174;234;2
174;235;2
174;236;2
174;237;2
174;238;2
174;239;2
174;240;2
174;241;2
174;242;2
174;243;2
174;244;2
174;245;2
174;246;2
174;247;2
174;248;2
174;249;2
174;250;2
174;251;2
174;252;2
174;253;2
174;254;2
174;255;2
174;256;2
174;446;2
175;68;2
175;89;2
175;101;2
175;106;2
175;177;2
175;177;10
175;179;2
175;180;2
175;181;2
175;182;2
175;195;2
175;198;2
175;199;2
175;200;2
175;201;2
175;202;2
175;203;2
175;204;2
175;205;2
175;206;2
175;207;2
175;208;2
175;209;2
175;222;2
175;223;2
175;224;2
175;225;2
175;226;2
175;227;2
175;228;2
175;229;2
175;230;2
175;231;2
175;232;2
175;233;2
175;233;10
175;234;2
175;235;2
175;236;2
175;237;2
175;238;2
175;239;2
175;240;2
175;241;2
175;242;2
175;243;2
175;244;2
175;245;2
175;246;2
175;247;2
175;248;2
175;249;2
175;250;2
175;251;2
175;252;2
175;253;2
175;254;2
175;255;2
175;256;2
175;257;2
175;264;2
175;295;2
175;302;2
175;303;2
175;304;2
175;305;2
175;306;2
175;307;2
175;308;2
175;309;2
175;446;2
175;447;2
175;456;2
176;70;2
176;116;2
176;119;2
176;123;2
176;140;2
176;178;2
176;264;2
176;265;2
176;267;2
176;268;2
176;296;2
176;301;2
176;457;2
177;68;2
177;89;2
177;101;2
177;106;2
177;179;2
177;180;2
177;181;2
177;182;2
177;195;2
177;198;2
177;199;2
177;200;2
177;201;2
177;202;2
177;203;2
177;204;2
177;205;2
177;206;2
177;207;2
177;208;2
177;209;2
177;222;2
177;223;2
177;224;2
177;225;2
177;226;2
177;227;2
177;228;2
177;229;2
177;230;2
177;231;2
177;232;2
177;233;2
177;234;2
177;235;2
177;236;2
177;237;2
177;238;2
177;239;2
177;240;2
177;241;2
177;242;2
177;243;2
177;244;2
177;245;2
177;246;2
177;247;2
177;248;2
177;249;2
177;250;2
177;251;2
177;252;2
177;253;2
177;254;2
177;255;2
177;256;2
177;257;2
177;264;2
177;294;2
177;295;2
177;302;2
177;303;2
177;304;2
177;305;2
177;306;2
177;307;2
177;308;2
177;309;2
177;446;2
177;447;2
177;458;2
178;70;2
178;116;2
178;119;2
178;123;2
178;140;2
178;264;2
178;265;2
178;267;2
178;268;2
178;296;2
178;296;13
178;301;2
178;404;10
178;405;10
178;416;13
178;457;2
179;233;2
179;244;2
179;245;2
179;248;2
179;250;2
179;257;2
179;264;2
179;295;2
179;302;2
179;303;2
179;304;2
179;305;2
179;306;2
179;307;2
179;308;2
179;309;2
179;447;2
180;68;2
180;89;2
180;101;2
180;106;2
180;181;2
180;182;2
180;195;2
180;198;2
180;199;2
180;200;2
180;201;2
180;202;2
180;203;2
180;204;2
180;205;2
180;206;2
180;207;2
180;208;2
180;209;2
180;222;2
180;223;2
180;224;2
180;225;2
180;226;2
180;227;2
180;228;2
180;229;2
180;230;2
180;231;2
180;232;2
180;233;2
180;234;2
180;235;2
180;236;2
180;237;2
180;238;2
180;239;2
180;240;2
180;241;2
180;242;2
180;243;2
180;244;2
180;245;2
180;246;2
180;247;2
180;248;2
180;249;2
180;250;2
180;251;2
180;252;2
180;253;2
180;254;2
180;255;2
180;256;2
180;446;2
181;89;2
181;101;2
181;106;2
181;182;2
181;195;2
181;198;2
181;199;2
181;200;2
181;201;2
181;202;2
181;203;2
181;204;2
181;205;2
181;206;2
181;207;2
181;208;2
181;209;2
181;222;2
181;223;2
181;224;2
181;225;2
181;226;2
181;227;2
181;228;2
181;229;2
181;230;2
181;231;2
181;232;2
181;233;2
181;234;2
181;235;2
181;236;2
181;237;2
181;238;2
181;239;2
181;240;2
181;241;2
181;242;2
181;243;2
181;244;2
181;245;2
181;246;2
181;247;2
181;248;2
181;249;2
181;250;2
181;251;2
181;252;2
181;253;2
181;254;2
181;255;2
181;256;2
181;323;3
181;323;14
181;366;3
181;366;5
181;366;8
181;366;14
181;366;15
181;367;5
181;367;8
181;367;14
181;367;15
181;368;5
181;368;8
181;368;14
181;368;15
181;369;5
181;369;8
181;369;14
181;369;15
181;446;2
181;478;5
181;478;8
181;478;14
181;478;15
182;89;2
182;101;2
182;106;2
182;195;2
182;198;2
182;199;2
182;200;2
182;201;2
182;202;2
182;203;2
182;204;2
182;205;2
182;206;2
182;207;2
182;208;2
182;209;2
182;222;2
182;223;2
182;224;2
182;225;2
182;226;2
182;227;2
182;228;2
182;229;2
182;230;2
182;231;2
182;232;2
182;233;2
182;234;2
182;235;2
182;236;2
182;237;2
182;238;2
182;239;2
182;240;2
182;241;2
182;242;2
182;243;2
182;244;2
182;245;2
182;246;2
182;247;2
182;248;2
182;249;2
182;250;2
182;251;2
182;252;2
182;253;2
182;254;2
182;255;2
182;256;2
182;446;2
183;76;2
183;77;2
183;117;2
183;184;2
183;185;2
183;186;2
183;253;2
183;258;2
183;259;2
183;260;2
183;261;2
183;262;2
183;449;2
184;77;2
184;117;2
184;185;2
184;186;2
184;253;2
184;258;2
184;259;2
184;260;2
184;261;2
184;262;2
184;449;2
185;77;2
185;117;2
185;186;2
185;253;2
185;258;2
185;259;2
185;260;2
185;261;2
185;262;2
185;449;2
186;77;2
186;117;2
186;253;2
186;258;2
186;259;2
186;260;2
186;261;2
186;262;2
186;449;2
187;82;2
187;100;2
187;107;2
187;127;2
187;137;2
187;188;2
187;189;2
187;190;2
187;191;2
187;192;2
187;193;2
187;194;2
187;210;2
187;213;2
187;214;2
187;215;2
187;216;2
187;218;2
187;219;2
187;220;2
187;221;2
187;269;2
187;270;2
187;271;2
187;272;2
187;273;2
187;274;2
187;275;2
187;276;2
187;277;2
187;278;2
187;279;2
187;280;2
187;281;2
187;282;2
187;283;2
187;284;2
187;285;2
187;286;2
187;287;2
187;288;2
187;289;2
187;290;2
187;291;2
187;292;2
187;293;2
187;448;2
188;100;2
188;106;2
188;107;2
188;117;2
188;127;2
188;137;2
188;189;2
188;190;2
188;191;2
188;192;2
188;193;2
188;194;2
188;201;2
188;210;2
188;213;2
188;214;2
188;215;2
188;216;2
188;218;2
188;219;2
188;220;2
188;221;2
188;222;2
188;269;2
188;270;2
188;271;2
188;272;2
188;273;2
188;274;2
188;275;2
188;276;2
188;277;2
188;278;2
188;279;2
188;280;2
188;281;2
188;282;2
188;283;2
188;284;2
188;285;2
188;286;2
188;287;2
188;288;2
188;289;2
188;290;2
188;291;2
188;292;2
188;293;2
188;448;2
188;455;2
189;100;2
189;107;2
189;127;2
189;137;2
189;190;2
189;191;2
189;192;2
189;193;2
189;194;2
189;210;2
189;213;2
189;214;2
189;215;2
189;216;2
189;218;2
189;219;2
189;220;2
189;221;2
189;269;2
189;270;2
189;271;2
189;272;2
189;273;2
189;274;2
189;275;2
189;276;2
189;277;2
189;278;2
189;279;2
189;280;2
189;281;2
189;282;2
189;283;2
189;284;2
189;285;2
189;286;2
189;287;2
189;288;2
189;289;2
189;290;2
189;291;2
189;292;2
189;293;2
189;448;2
189;459;2
190;100;2
190;107;2
190;127;2
190;137;2
190;191;2
190;192;2
190;193;2
190;194;2
190;210;2
190;211;2
190;212;2
190;213;2
190;214;2
190;215;2
190;216;2
190;217;2
190;218;2
190;219;2
190;220;2
190;221;2
190;269;2
190;270;2
190;271;2
190;272;2
190;273;2
190;274;2
190;275;2
190;276;2
190;277;2
190;278;2
190;279;2
190;280;2
190;281;2
190;282;2
190;283;2
190;284;2
190;285;2
190;286;2
190;287;2
190;288;2
190;289;2
190;290;2
190;291;2
190;292;2
190;293;2
190;448;2
190;459;2
191;100;2
191;107;2
191;127;2
191;137;2
191;192;2
191;193;2
191;194;2
191;210;2
191;213;2
191;214;2
191;215;2
191;216;2
191;218;2
191;219;2
191;220;2
191;221;2
191;269;2
191;270;2
191;271;2
191;272;2
191;273;2
191;274;2
191;275;2
191;276;2
191;277;2
191;278;2
191;279;2
191;280;2
191;281;2
191;282;2
191;283;2
191;284;2
191;285;2
191;286;2
191;287;2
191;288;2
191;289;2
191;290;2
191;291;2
191;292;2
191;293;2
191;448;2
192;100;2
192;107;2
192;127;2
192;137;2
192;193;2
192;194;2
192;210;2
192;213;2
192;214;2
192;215;2
192;216;2
192;218;2
192;219;2
192;220;2
192;221;2
192;269;2
192;270;2
192;271;2
192;272;2
192;273;2
192;274;2
192;275;2
192;276;2
192;277;2
192;278;2
192;279;2
192;280;2
192;281;2
192;282;2
192;283;2
192;284;2
192;285;2
192;286;2
192;287;2
192;288;2
192;289;2
192;290;2
192;291;2
192;292;2
192;293;2
192;448;2
192;459;2
193;100;2
193;107;2
193;127;2
193;137;2
193;194;2
193;210;2
193;213;2
193;214;2
193;215;2
193;216;2
193;218;2
193;219;2
193;220;2
193;221;2
193;269;2
193;270;2
193;271;2
193;272;2
193;273;2
193;274;2
193;275;2
193;276;2
193;277;2
193;278;2
193;279;2
193;280;2
193;281;2
193;282;2
193;283;2
193;284;2
193;285;2
193;286;2
193;287;2
193;288;2
193;289;2
193;290;2
193;291;2
193;292;2
193;293;2
193;448;2
193;459;2
194;100;2
194;107;2
194;127;2
194;137;2
194;210;2
194;213;2
194;214;2
194;215;2
194;216;2
194;218;2
194;219;2
194;220;2
194;221;2
194;269;2
194;270;2
194;271;2
194;272;2
194;273;2
194;274;2
194;275;2
194;276;2
194;277;2
194;278;2
194;279;2
194;280;2
194;281;2
194;282;2
194;283;2
194;284;2
194;285;2
194;286;2
194;287;2
194;288;2
194;289;2
194;290;2
194;291;2
194;292;2
194;293;2
194;448;2
194;459;2
195;101;2
195;106;2
195;198;2
195;199;2
195;200;2
195;201;2
195;202;2
195;203;2
195;204;2
195;205;2
195;206;2
195;207;2
195;208;2
195;209;2
195;222;2
195;223;2
195;224;2
195;225;2
195;226;2
195;227;2
195;228;2
195;229;2
195;230;2
195;231;2
195;232;2
195;233;2
195;234;2
195;235;2
195;236;2
195;237;2
195;238;2
195;239;2
195;240;2
195;241;2
195;242;2
195;243;2
195;244;2
195;245;2
195;246;2
195;247;2
195;248;2
195;249;2
195;250;2
195;251;2
195;252;2
195;253;2
195;254;2
195;255;2
195;256;2
195;446;2
196;197;2
196;423;2
197;423;2
198;106;2
198;199;2
198;200;2
198;201;2
198;202;2
198;203;2
198;204;2
198;205;2
198;206;2
198;207;2
198;208;2
198;209;2
198;222;2
198;223;2
198;224;2
198;225;2
198;226;2
198;227;2
198;228;2
198;229;2
198;230;2
198;231;2
198;232;2
198;233;2
198;234;2
198;235;2
198;236;2
198;237;2
198;238;2
198;239;2
198;240;2
198;241;2
198;242;2
198;243;2
198;244;2
198;245;2
198;246;2
198;247;2
198;248;2
198;249;2
198;250;2
198;251;2
198;252;2
198;253;2
198;254;2
198;255;2
198;256;2
198;446;2
199;106;2
199;200;2
199;201;2
199;202;2
199;203;2
199;204;2
199;205;2
199;206;2
199;207;2
199;208;2
199;209;2
199;222;2
199;223;2
199;224;2
199;225;2
199;226;2
199;227;2
199;228;2
199;229;2
199;230;2
199;231;2
199;232;2
199;233;2
199;234;2
199;235;2
199;236;2
199;237;2
199;238;2
199;239;2
199;240;2
199;241;2
199;242;2
199;243;2
199;244;2
199;245;2
199;246;2
199;247;2
199;248;2
199;249;2
199;250;2
199;251;2
199;252;2
199;253;2
199;254;2
199;255;2
199;256;2
199;446;2
200;201;2
200;202;2
200;203;2
200;204;2
200;205;2
200;206;2
200;207;2
200;208;2
200;209;2
200;222;2
200;223;2
200;224;2
200;225;2
200;226;2
200;227;2
200;228;2
200;229;2
200;230;2
200;231;2
200;232;2
200;233;2
200;234;2
200;235;2
200;236;2
200;237;2
200;238;2
200;239;2
200;240;2
200;241;2
200;242;2
200;243;2
200;244;2
200;245;2
200;246;2
200;247;2
200;248;2
200;249;2
200;250;2
200;251;2
200;252;2
200;253;2
200;254;2
200;255;2
200;256;2
200;446;2
201;117;2
201;202;2
201;203;2
201;204;2
201;205;2
201;206;2
201;207;2
201;208;2
201;209;2
201;222;2
201;223;2
201;224;2
201;225;2
201;226;2
201;227;2
201;228;2
201;229;2
201;230;2
201;231;2
201;232;2
201;233;2
201;234;2
201;235;2
201;236;2
201;237;2
201;238;2
201;239;2
201;240;2
201;241;2
201;242;2
201;243;2
201;244;2
201;245;2
201;246;2
201;247;2
201;248;2
201;249;2
201;250;2
201;251;2
201;252;2
201;253;2
201;254;2
201;255;2
201;256;2
201;446;2
201;455;2
202;203;2
202;204;2
202;204;4
202;205;2
202;206;2
202;207;2
202;208;2
202;209;2
202;222;2
202;223;2
202;224;2
202;225;2
202;226;2
202;227;2
202;228;2
202;229;2
202;230;2
202;231;2
202;232;2
202;233;2
202;234;2
202;235;2
202;236;2
202;237;2
202;238;2
202;239;2
202;240;2
202;241;2
202;242;2
202;243;2
202;244;2
202;245;2
202;246;2
202;247;2
202;248;2
202;249;2
202;250;2
202;251;2
202;252;2
202;253;2
202;254;2
202;255;2
202;256;2
202;446;2
202;473;4
203;204;2
203;205;2
203;206;2
203;207;2
203;208;2
203;209;2
203;222;2
203;223;2
203;224;2
203;225;2
203;226;2
203;227;2
203;228;2
203;229;2
203;230;2
203;231;2
203;232;2
203;233;2
203;234;2
203;235;2
203;236;2
203;237;2
203;238;2
203;239;2
203;240;2
203;241;2
203;242;2
203;243;2
203;244;2
203;245;2
203;246;2
203;247;2
203;248;2
203;249;2
203;250;2
203;251;2
203;252;2
203;253;2
203;254;2
203;255;2
203;256;2
203;446;2
204;205;2
204;206;2
204;207;2
204;208;2
204;209;2
204;222;2
204;223;2
204;224;2
204;225;2
204;226;2
204;227;2
204;228;2
204;229;2
204;230;2
204;231;2
204;232;2
204;233;2
204;234;2
204;235;2
204;236;2
204;237;2
204;238;2
204;239;2
204;240;2
204;241;2
204;242;2
204;243;2
204;244;2
204;245;2
204;246;2
204;247;2
204;248;2
204;249;2
204;250;2
204;251;2
204;252;2
204;253;2
204;254;2
204;255;2
204;256;2
204;446;2
204;473;4
205;206;2
205;207;2
205;208;2
205;209;2
205;222;2
205;223;2
205;224;2
205;225;2
205;226;2
205;227;2
205;228;2
205;229;2
205;230;2
205;231;2
205;232;2
205;233;2
205;234;2
205;235;2
205;236;2
205;237;2
205;238;2
205;239;2
205;240;2
205;241;2
205;242;2
205;243;2
205;244;2
205;245;2
205;246;2
205;247;2
205;248;2
205;249;2
205;250;2
205;251;2
205;252;2
205;253;2
205;254;2
205;255;2
205;256;2
205;446;2
206;207;2
206;208;2
206;209;2
206;222;2
206;223;2
206;224;2
206;225;2
206;226;2
206;227;2
206;228;2
206;229;2
206;230;2
206;231;2
206;232;2
206;233;2
206;234;2
206;235;2
206;236;2
206;237;2
206;238;2
206;239;2
206;240;2
206;241;2
206;242;2
206;243;2
206;244;2
206;245;2
206;246;2
206;247;2
206;248;2
206;249;2
206;250;2
206;251;2
206;252;2
206;253;2
206;254;2
206;255;2
206;256;2
206;446;2
207;208;2
207;209;2
207;222;2
207;223;2
207;224;2
207;225;2
207;226;2
207;227;2
207;228;2
207;229;2
207;230;2
207;231;2
207;232;2
207;233;2
207;234;2
207;235;2
207;236;2
207;237;2
207;238;2
207;239;2
207;240;2
207;241;2
207;242;2
207;243;2
207;244;2
207;245;2
207;246;2
207;247;2
207;248;2
207;249;2
207;250;2
207;251;2
207;252;2
207;253;2
207;254;2
207;255;2
207;256;2
207;446;2
207;467;3
207;467;4
208;209;2
208;222;2
208;223;2
208;224;2
208;225;2
208;226;2
208;227;2
208;228;2
208;229;2
208;230;2
208;231;2
208;232;2
208;233;2
208;234;2
208;235;2
208;236;2
208;237;2
208;238;2
208;239;2
208;240;2
208;241;2
208;242;2
208;243;2
208;244;2
208;245;2
208;246;2
208;247;2
208;248;2
208;249;2
208;250;2
208;251;2
208;252;2
208;253;2
208;254;2
208;255;2
208;256;2
208;446;2
209;222;2
209;223;2
209;224;2
209;225;2
209;226;2
209;227;2
209;228;2
209;229;2
209;230;2
209;231;2
209;232;2
209;233;2
209;234;2
209;235;2
209;236;2
209;237;2
209;238;2
209;239;2
209;240;2
209;241;2
209;242;2
209;243;2
209;244;2
209;245;2
209;246;2
209;247;2
209;248;2
209;249;2
209;250;2
209;251;2
209;252;2
209;253;2
209;254;2
209;255;2
209;256;2
209;446;2
210;107;2
210;107;11
210;127;2
210;137;2
210;211;2
210;211;11
210;212;2
210;213;2
210;213;11
210;214;2
210;214;11
210;215;2
210;215;3
210;215;11
210;216;2
210;216;11
210;217;2
210;218;2
210;218;3
210;218;11
210;219;2
210;219;11
210;220;2
210;220;11
210;221;2
210;221;11
210;269;2
210;270;2
210;271;2
210;272;2
210;273;2
210;274;2
210;274;11
210;275;2
210;276;2
210;277;2
210;278;2
210;279;2
210;280;2
210;281;2
210;282;2
210;283;2
210;284;2
210;285;2
210;286;2
210;287;2
210;288;2
210;289;2
210;290;2
210;291;2
210;292;2
210;293;2
210;311;2
210;448;2
210;460;2
211;107;2
211;107;11
211;212;2
211;213;2
211;213;11
211;214;2
211;214;11
211;215;2
211;215;11
211;216;2
211;216;11
211;217;2
211;218;2
211;218;11
211;219;2
211;219;11
211;220;2
211;220;11
211;221;2
211;221;11
211;274;2
211;274;11
212;107;2
212;213;2
212;214;2
212;215;2
212;216;2
212;217;2
212;218;2
212;219;2
212;220;2
212;221;2
213;107;2
213;107;11
213;127;2
213;137;2
213;214;2
213;214;11
213;215;2
213;215;11
213;216;2
213;216;11
213;217;2
213;218;2
213;218;11
213;219;2
213;219;11
213;220;2
213;220;11
213;221;2
213;221;11
213;269;2
213;270;2
213;271;2
213;272;2
213;273;2
213;274;2
213;274;11
213;275;2
213;276;2
213;277;2
213;278;2
213;279;2
213;280;2
213;281;2
213;282;2
213;283;2
213;284;2
213;285;2
213;286;2
213;287;2
213;288;2
213;289;2
213;290;2
213;291;2
213;292;2
213;293;2
213;311;2
213;448;2
213;460;2
214;107;2
214;107;11
214;127;2
214;137;2
214;215;2
214;215;11
214;216;2
214;216;11
214;217;2
214;218;2
214;218;11
214;219;2
214;219;11
214;220;2
214;220;11
214;221;2
214;221;11
214;269;2
214;270;2
214;271;2
214;272;2
214;273;2
214;274;2
214;274;11
214;275;2
214;276;2
214;277;2
214;278;2
214;279;2
214;280;2
214;281;2
214;282;2
214;283;2
214;284;2
214;285;2
214;286;2
214;287;2
214;288;2
214;289;2
214;290;2
214;291;2
214;292;2
214;293;2
214;311;2
214;448;2
214;460;2
215;107;2
215;107;11
215;127;2
215;137;2
215;216;2
215;216;11
215;217;2
215;218;2
215;218;3
215;218;11
215;219;2
215;219;11
215;220;2
215;220;11
215;221;2
215;221;11
215;269;2
215;270;2
215;271;2
215;272;2
215;273;2
215;274;2
215;274;11
215;275;2
215;276;2
215;277;2
215;278;2
215;279;2
215;280;2
215;281;2
215;282;2
215;283;2
215;284;2
215;285;2
215;286;2
215;287;2
215;288;2
215;289;2
215;290;2
215;291;2
215;292;2
215;293;2
215;311;2
215;448;2
215;460;2
215;467;11
216;127;2
216;137;2
216;217;2
216;218;2
216;218;11
216;219;2
216;219;11
216;220;2
216;220;11
216;221;2
216;221;11
216;269;2
216;270;2
216;271;2
216;272;2
216;273;2
216;274;2
216;274;11
216;275;2
216;276;2
216;277;2
216;278;2
216;279;2
216;280;2
216;281;2
216;282;2
216;283;2
216;284;2
216;285;2
216;286;2
216;287;2
216;288;2
216;289;2
216;290;2
216;291;2
216;292;2
216;293;2
216;311;2
216;448;2
216;460;2
217;218;2
217;219;2
217;220;2
218;127;2
218;137;2
218;219;2
218;219;11
218;220;2
218;220;11
218;221;2
218;221;11
218;269;2
218;270;2
218;271;2
218;272;2
218;273;2
218;274;2
218;274;11
218;275;2
218;276;2
218;277;2
218;278;2
218;279;2
218;280;2
218;281;2
218;282;2
218;283;2
218;284;2
218;285;2
218;286;2
218;287;2
218;288;2
218;289;2
218;290;2
218;291;2
218;292;2
218;293;2
218;311;2
218;448;2
218;460;2
219;127;2
219;137;2
219;220;2
219;220;11
219;221;2
219;221;11
219;269;2
219;270;2
219;271;2
219;272;2
219;273;2
219;274;2
219;274;11
219;275;2
219;276;2
219;277;2
219;278;2
219;279;2
219;280;2
219;281;2
219;282;2
219;283;2
219;284;2
219;285;2
219;286;2
219;287;2
219;288;2
219;289;2
219;290;2
219;291;2
219;292;2
219;293;2
219;311;2
219;448;2
219;460;2
220;127;2
220;137;2
220;221;2
220;221;11
220;269;2
220;270;2
220;271;2
220;272;2
220;273;2
220;274;2
220;274;11
220;275;2
220;276;2
220;277;2
220;278;2
220;279;2
220;280;2
220;281;2
220;282;2
220;283;2
220;284;2
220;285;2
220;286;2
220;287;2
220;288;2
220;289;2
220;290;2
220;291;2
220;292;2
220;293;2
220;311;2
220;448;2
220;460;2
221;127;2
221;137;2
221;269;2
221;270;2
221;271;2
221;272;2
221;273;2
221;274;2
221;274;11
221;275;2
221;276;2
221;277;2
221;278;2
221;279;2
221;280;2
221;281;2
221;282;2
221;283;2
221;284;2
221;285;2
221;286;2
221;287;2
221;288;2
221;289;2
221;290;2
221;291;2
221;292;2
221;293;2
221;448;2
222;223;2
222;224;2
222;225;2
222;226;2
222;227;2
222;228;2
222;229;2
222;230;2
222;231;2
222;232;2
222;233;2
222;234;2
222;235;2
222;236;2
222;237;2
222;238;2
222;239;2
222;240;2
222;241;2
222;242;2
222;243;2
222;244;2
222;245;2
222;246;2
222;247;2
222;248;2
222;249;2
222;250;2
222;251;2
222;252;2
222;253;2
222;254;2
222;255;2
222;256;2
222;446;2
222;455;2
223;224;2
223;225;2
223;226;2
223;227;2
223;228;2
223;229;2
223;230;2
223;231;2
223;232;2
223;233;2
223;234;2
223;235;2
223;236;2
223;237;2
223;238;2
223;239;2
223;240;2
223;241;2
223;242;2
223;243;2
223;244;2
223;245;2
223;246;2
223;247;2
223;248;2
223;249;2
223;250;2
223;251;2
223;252;2
223;253;2
223;254;2
223;255;2
223;256;2
223;446;2
224;225;2
224;226;2
224;227;2
224;228;2
224;229;2
224;230;2
224;231;2
224;232;2
224;233;2
224;234;2
224;235;2
224;236;2
224;237;2
224;238;2
224;239;2
224;240;2
224;241;2
224;242;2
224;243;2
224;244;2
224;245;2
224;246;2
224;247;2
224;248;2
224;249;2
224;250;2
224;251;2
224;252;2
224;253;2
224;254;2
224;255;2
224;256;2
224;446;2
225;226;2
225;227;2
225;228;2
225;229;2
225;230;2
225;231;2
225;232;2
225;233;2
225;234;2
225;235;2
225;236;2
225;237;2
225;238;2
225;239;2
225;240;2
225;241;2
225;242;2
225;243;2
225;244;2
225;245;2
225;246;2
225;247;2
225;248;2
225;249;2
225;250;2
225;251;2
225;252;2
225;253;2
225;254;2
225;255;2
225;256;2
225;446;2
226;227;2
226;228;2
226;229;2
226;230;2
226;231;2
226;232;2
226;233;2
226;234;2
226;235;2
226;236;2
226;237;2
226;238;2
226;239;2
226;240;2
226;241;2
226;242;2
226;243;2
226;244;2
226;245;2
226;246;2
226;247;2
226;248;2
226;249;2
226;250;2
226;251;2
226;252;2
226;253;2
226;254;2
226;255;2
226;256;2
226;446;2
227;228;2
227;229;2
227;230;2
227;231;2
227;232;2
227;233;2
227;234;2
227;235;2
227;236;2
227;237;2
227;238;2
227;239;2
227;240;2
227;241;2
227;242;2
227;243;2
227;244;2
227;245;2
227;246;2
227;247;2
227;248;2
227;249;2
227;250;2
227;251;2
227;252;2
227;253;2
227;254;2
227;255;2
227;256;2
227;446;2
228;229;2
228;230;2
228;231;2
228;232;2
228;233;2
228;234;2
228;235;2
228;236;2
228;237;2
228;238;2
228;239;2
228;240;2
228;241;2
228;242;2
228;243;2
228;244;2
228;245;2
228;246;2
228;247;2
228;248;2
228;249;2
228;250;2
228;251;2
228;252;2
228;253;2
228;254;2
228;255;2
228;256;2
228;446;2
229;230;2
229;231;2
229;232;2
229;233;2
229;234;2
229;235;2
229;236;2
229;237;2
229;238;2
229;239;2
229;240;2
229;241;2
229;242;2
229;243;2
229;244;2
229;245;2
229;246;2
229;247;2
229;248;2
229;249;2
229;250;2
229;251;2
229;252;2
229;253;2
229;254;2
229;255;2
229;256;2
229;446;2
230;231;2
230;232;2
230;233;2
230;234;2
230;235;2
230;236;2
230;237;2
230;238;2
230;239;2
230;240;2
230;241;2
230;242;2
230;243;2
230;244;2
230;245;2
230;246;2
230;247;2
230;248;2
230;249;2
230;250;2
230;251;2
230;252;2
230;253;2
230;254;2
230;255;2
230;256;2
230;446;2
231;232;2
231;233;2
231;234;2
231;235;2
231;236;2
231;237;2
231;238;2
231;239;2
231;240;2
231;241;2
231;242;2
231;243;2
231;244;2
231;245;2
231;246;2
231;247;2
231;248;2
231;249;2
231;250;2
231;251;2
231;252;2
231;253;2
231;254;2
231;255;2
231;256;2
231;446;2
232;233;2
232;234;2
232;235;2
232;236;2
232;237;2
232;238;2
232;239;2
232;240;2
232;241;2
232;242;2
232;243;2
232;244;2
232;245;2
232;246;2
232;247;2
232;248;2
232;249;2
232;250;2
232;251;2
232;252;2
232;253;2
232;254;2
232;255;2
232;256;2
232;446;2
233;234;2
233;235;2
233;236;2
233;237;2
233;238;2
233;239;2
233;240;2
233;241;2
233;242;2
233;243;2
233;244;2
233;245;2
233;246;2
233;247;2
233;248;2
233;249;2
233;250;2
233;251;2
233;252;2
233;253;2
233;254;2
233;255;2
233;256;2
233;257;2
233;264;2
233;295;2
233;302;2
233;303;2
233;304;2
233;305;2
233;306;2
233;307;2
233;308;2
233;309;2
233;446;2
233;447;2
234;235;2
234;236;2
234;237;2
234;238;2
234;239;2
234;240;2
234;241;2
234;242;2
234;243;2
234;244;2
234;245;2
234;246;2
234;247;2
234;248;2
234;249;2
234;250;2
234;251;2
234;252;2
234;253;2
234;254;2
234;255;2
234;256;2
234;446;2
235;236;2
235;237;2
235;238;2
235;239;2
235;240;2
235;241;2
235;242;2
235;243;2
235;244;2
235;245;2
235;246;2
235;247;2
235;248;2
235;249;2
235;250;2
235;251;2
235;252;2
235;253;2
235;254;2
235;255;2
235;256;2
235;446;2
236;237;2
236;238;2
236;239;2
236;240;2
236;241;2
236;242;2
236;243;2
236;244;2
236;245;2
236;246;2
236;247;2
236;248;2
236;249;2
236;250;2
236;251;2
236;252;2
236;253;2
236;254;2
236;255;2
236;256;2
236;446;2
237;238;2
237;239;2
237;240;2
237;241;2
237;242;2
237;243;2
237;244;2
237;245;2
237;246;2
237;247;2
237;248;2
237;249;2
237;250;2
237;251;2
237;252;2
237;253;2
237;254;2
237;255;2
237;256;2
237;446;2
238;239;2
238;240;2
238;241;2
238;242;2
238;243;2
238;244;2
238;245;2
238;246;2
238;247;2
238;248;2
238;249;2
238;250;2
238;251;2
238;252;2
238;253;2
238;254;2
238;255;2
238;256;2
238;446;2
239;240;2
239;241;2
239;242;2
239;243;2
239;244;2
239;245;2
239;246;2
239;247;2
239;248;2
239;249;2
239;250;2
239;251;2
239;252;2
239;253;2
239;254;2
239;255;2
239;256;2
239;446;2
240;241;2
240;242;2
240;243;2
240;244;2
240;245;2
240;246;2
240;247;2
240;248;2
240;249;2
240;250;2
240;251;2
240;252;2
240;253;2
240;254;2
240;255;2
240;256;2
240;446;2
241;242;2
241;243;2
241;244;2
241;245;2
241;246;2
241;247;2
241;248;2
241;249;2
241;250;2
241;251;2
241;252;2
241;253;2
241;254;2
241;255;2
241;256;2
241;446;2
242;243;2
242;244;2
242;245;2
242;246;2
242;247;2
242;248;2
242;249;2
242;250;2
242;251;2
242;252;2
242;253;2
242;254;2
242;255;2
242;256;2
242;446;2
243;244;2
243;245;2
243;246;2
243;247;2
243;248;2
243;249;2
243;250;2
243;251;2
243;252;2
243;253;2
243;254;2
243;255;2
243;256;2
243;446;2
244;245;2
244;246;2
244;247;2
244;248;2
244;249;2
244;250;2
244;251;2
244;252;2
244;253;2
244;254;2
244;255;2
244;256;2
244;257;2
244;264;2
244;295;2
244;302;2
244;303;2
244;304;2
244;305;2
244;306;2
244;307;2
244;308;2
244;309;2
244;446;2
244;447;2
245;246;2
245;247;2
245;248;2
245;249;2
245;250;2
245;251;2
245;252;2
245;253;2
245;254;2
245;255;2
245;256;2
245;257;2
245;264;2
245;295;2
245;302;2
245;303;2
245;304;2
245;305;2
245;306;2
245;307;2
245;308;2
245;309;2
245;446;2
245;447;2
246;247;2
246;248;2
246;249;2
246;250;2
246;251;2
246;252;2
246;253;2
246;254;2
246;255;2
246;256;2
246;297;2
246;298;2
246;299;2
246;300;2
246;446;2
246;461;2
247;248;2
247;249;2
247;250;2
247;251;2
247;252;2
247;253;2
247;254;2
247;255;2
247;256;2
247;446;2
248;249;2
248;250;2
248;251;2
248;252;2
248;253;2
248;254;2
248;255;2
248;256;2
248;257;2
248;264;2
248;295;2
248;302;2
248;303;2
248;304;2
248;305;2
248;306;2
248;307;2
248;308;2
248;309;2
248;446;2
248;447;2
249;250;2
249;251;2
249;252;2
249;253;2
249;254;2
249;255;2
249;256;2
249;446;2
250;251;2
250;252;2
250;253;2
250;254;2
250;255;2
250;256;2
250;257;2
250;264;2
250;295;2
250;302;2
250;303;2
250;304;2
250;305;2
250;306;2
250;307;2
250;308;2
250;309;2
250;446;2
250;447;2
251;252;2
251;253;2
251;254;2
251;255;2
251;256;2
251;446;2
252;253;2
252;254;2
252;255;2
252;256;2
252;446;2
253;254;2
253;255;2
253;256;2
253;258;2
253;259;2
253;260;2
253;261;2
253;262;2
253;446;2
253;449;2
254;255;2
254;256;2
254;446;2
255;256;2
255;446;2
256;297;2
256;298;2
256;299;2
256;300;2
256;446;2
256;461;2
257;264;2
257;295;2
257;302;2
257;303;2
257;304;2
257;305;2
257;306;2
257;307;2
257;308;2
257;309;2
257;400;5
257;400;8
257;400;15
257;447;2
257;497;8
258;259;2
258;260;2
258;261;2
258;262;2
258;418;14
258;449;2
258;512;14
259;260;2
259;261;2
259;262;2
259;449;2
260;261;2
260;262;2
260;449;2
261;262;2
261;449;2
262;449;2
263;390;2
263;390;5
263;390;7
263;390;11
263;502;11
264;140;2
264;265;2
264;266;2
264;267;2
264;268;2
264;295;2
264;296;2
264;301;2
264;302;2
264;303;2
264;304;2
264;305;2
264;306;2
264;307;2
264;308;2
264;309;2
264;447;2
264;457;2
265;140;2
265;266;2
265;267;2
265;268;2
265;296;2
265;301;2
265;457;2
266;267;2
266;268;2
267;140;2
267;268;2
267;296;2
267;301;2
267;457;2
268;140;2
268;296;2
268;301;2
268;457;2
269;137;2
269;270;2
269;271;2
269;272;2
269;273;2
269;274;2
269;275;2
269;276;2
269;277;2
269;278;2
269;279;2
269;280;2
269;281;2
269;282;2
269;283;2
269;284;2
269;285;2
269;286;2
269;287;2
269;288;2
269;289;2
269;290;2
269;291;2
269;292;2
269;293;2
269;448;2
269;459;2
270;137;2
270;271;2
270;272;2
270;273;2
270;274;2
270;275;2
270;276;2
270;277;2
270;278;2
270;279;2
270;280;2
270;281;2
270;282;2
270;283;2
270;284;2
270;285;2
270;286;2
270;287;2
270;288;2
270;289;2
270;290;2
270;291;2
270;292;2
270;293;2
270;448;2
270;459;2
271;137;2
271;272;2
271;273;2
271;274;2
271;275;2
271;276;2
271;277;2
271;278;2
271;279;2
271;280;2
271;281;2
271;282;2
271;283;2
271;284;2
271;285;2
271;286;2
271;287;2
271;288;2
271;289;2
271;290;2
271;291;2
271;292;2
271;293;2
271;448;2
272;137;2
272;273;2
272;274;2
272;275;2
272;276;2
272;277;2
272;278;2
272;279;2
272;280;2
272;281;2
272;282;2
272;283;2
272;284;2
272;285;2
272;286;2
272;287;2
272;288;2
272;289;2
272;290;2
272;291;2
272;292;2
272;293;2
272;448;2
273;137;2
273;274;2
273;275;2
273;276;2
273;277;2
273;278;2
273;279;2
273;280;2
273;281;2
273;282;2
273;283;2
273;284;2
273;285;2
273;286;2
273;287;2
273;288;2
273;289;2
273;290;2
273;291;2
273;292;2
273;293;2
273;448;2
274;137;2
274;275;2
274;276;2
274;277;2
274;278;2
274;279;2
274;280;2
274;281;2
274;282;2
274;283;2
274;284;2
274;285;2
274;286;2
274;287;2
274;288;2
274;289;2
274;290;2
274;291;2
274;292;2
274;293;2
274;311;2
274;448;2
274;460;2
275;137;2
275;276;2
275;277;2
275;278;2
275;279;2
275;280;2
275;281;2
275;282;2
275;283;2
275;284;2
275;285;2
275;286;2
275;287;2
275;288;2
275;289;2
275;290;2
275;291;2
275;292;2
275;293;2
275;448;2
276;137;2
276;277;2
276;278;2
276;279;2
276;280;2
276;281;2
276;282;2
276;283;2
276;284;2
276;285;2
276;286;2
276;287;2
276;288;2
276;289;2
276;290;2
276;291;2
276;292;2
276;293;2
276;448;2
277;137;2
277;278;2
277;279;2
277;280;2
277;281;2
277;282;2
277;283;2
277;284;2
277;285;2
277;286;2
277;287;2
277;288;2
277;289;2
277;290;2
277;291;2
277;292;2
277;293;2
277;448;2
277;459;2
278;137;2
278;279;2
278;280;2
278;281;2
278;282;2
278;283;2
278;284;2
278;285;2
278;286;2
278;287;2
278;288;2
278;289;2
278;290;2
278;291;2
278;292;2
278;293;2
278;448;2
279;137;2
279;280;2
279;281;2
279;282;2
279;283;2
279;284;2
279;285;2
279;286;2
279;287;2
279;288;2
279;289;2
279;290;2
279;291;2
279;292;2
279;293;2
279;448;2
280;137;2
280;281;2
280;282;2
280;283;2
280;284;2
280;285;2
280;286;2
280;287;2
280;288;2
280;289;2
280;290;2
280;291;2
280;292;2
280;293;2
280;448;2
281;137;2
281;282;2
281;283;2
281;284;2
281;285;2
281;286;2
281;287;2
281;288;2
281;289;2
281;290;2
281;291;2
281;292;2
281;293;2
281;448;2
282;137;2
282;283;2
282;284;2
282;285;2
282;286;2
282;287;2
282;288;2
282;289;2
282;290;2
282;291;2
282;292;2
282;293;2
282;448;2
283;137;2
283;284;2
283;285;2
283;286;2
283;287;2
283;288;2
283;289;2
283;290;2
283;291;2
283;292;2
283;293;2
283;448;2
284;137;2
284;285;2
284;286;2
284;287;2
284;288;2
284;289;2
284;290;2
284;291;2
284;292;2
284;293;2
284;448;2
285;137;2
285;286;2
285;287;2
285;288;2
285;289;2
285;290;2
285;291;2
285;292;2
285;293;2
285;448;2
286;137;2
286;287;2
286;288;2
286;289;2
286;290;2
286;291;2
286;292;2
286;293;2
286;448;2
287;137;2
287;288;2
287;289;2
287;290;2
287;291;2
287;292;2
287;293;2
287;448;2
288;137;2
288;289;2
288;290;2
288;291;2
288;292;2
288;293;2
288;448;2
288;459;2
289;137;2
289;290;2
289;291;2
289;292;2
289;293;2
289;448;2
290;137;2
290;291;2
290;292;2
290;293;2
290;448;2
291;137;2
291;292;2
291;293;2
291;311;2
291;448;2
291;460;2
292;137;2
292;293;2
292;448;2
293;448;2
294;458;2
295;302;2
295;303;2
295;304;2
295;305;2
295;306;2
295;307;2
295;308;2
295;309;2
295;447;2
296;301;2
296;457;2
297;298;2
297;299;2
297;300;2
297;461;2
298;299;2
298;300;2
298;461;2
299;300;2
299;461;2
300;461;2
301;395;7
301;457;2
301;492;7
302;303;2
302;304;2
302;305;2
302;306;2
302;307;2
302;308;2
302;309;2
302;447;2
303;304;2
303;305;2
303;306;2
303;307;2
303;308;2
303;309;2
303;447;2
304;305;2
304;306;2
304;307;2
304;308;2
304;309;2
304;447;2
305;306;2
305;307;2
305;308;2
305;309;2
305;447;2
306;307;2
306;308;2
306;309;2
306;447;2
307;308;2
307;309;2
307;447;2
308;309;2
308;447;2
309;447;2
310;462;2
310;462;4
311;460;2
312;4;3
312;34;3
312;34;4
312;150;3
312;151;3
312;152;3
312;313;3
312;313;4
312;314;3
312;314;4
313;4;3
313;4;4
313;34;3
313;34;4
313;34;5
313;34;8
313;34;14
313;127;5
313;127;9
313;151;3
313;152;3
313;152;5
313;314;3
313;314;4
313;321;3
313;321;4
313;363;3
313;363;4
313;363;5
313;363;8
313;363;14
313;463;3
313;463;4
314;4;3
314;34;3
314;34;4
314;151;3
314;152;3
315;21;4
315;21;5
315;22;3
315;22;4
315;22;5
316;464;3
316;464;4
317;318;3
317;322;3
317;465;3
318;322;3
318;325;4
318;326;4
318;465;3
318;470;4
319;466;3
320;329;3
320;498;9
321;463;3
321;463;4
322;413;11
322;465;3
322;503;11
323;366;3
323;366;14
324;397;4
324;397;8
324;399;8
324;494;8
325;326;4
325;470;4
326;63;14
326;417;14
326;470;4
326;511;14
327;76;6
327;378;6
327;379;6
327;379;10
327;380;6
327;471;4
327;471;5
327;482;6
328;360;4
329;330;4
329;331;4
329;353;4
329;353;8
330;331;4
330;353;4
331;353;4
332;263;4
332;472;4
333;66;5
333;345;5
333;346;5
333;347;5
333;348;5
333;349;5
334;42;5
334;42;8
334;42;11
334;76;6
334;76;8
334;76;11
334;79;6
334;79;8
334;79;11
334;327;6
334;351;6
334;371;5
334;371;6
334;378;6
334;379;6
334;380;6
334;482;6
334;505;11
335;161;5
335;161;8
335;161;9
335;161;11
335;162;5
335;162;8
335;162;9
335;162;11
335;163;5
335;163;8
335;163;9
335;163;11
335;336;5
335;336;8
335;336;9
335;336;11
336;161;5
336;161;8
336;161;9
336;161;11
336;162;5
336;162;8
336;162;9
336;162;11
336;163;5
336;163;8
336;163;9
336;163;11
337;338;5
337;338;7
337;338;12
337;339;5
337;339;7
337;339;12
337;340;5
337;340;7
337;340;12
337;341;5
337;341;7
337;341;12
337;342;5
337;342;7
337;342;12
337;390;7
337;476;5
337;476;7
337;476;12
338;339;5
338;339;7
338;339;12
338;340;5
338;340;7
338;340;12
338;341;5
338;341;7
338;341;12
338;342;5
338;342;7
338;342;12
338;390;7
338;476;5
338;476;7
338;476;12
339;340;5
339;340;7
339;340;12
339;341;5
339;341;7
339;341;12
339;342;5
339;342;7
339;342;12
339;390;7
339;476;5
339;476;7
339;476;12
340;341;5
340;341;7
340;341;12
340;342;5
340;342;7
340;342;12
340;390;7
340;476;5
340;476;7
340;476;12
341;342;5
341;342;7
341;342;12
341;390;7
341;476;5
341;476;7
341;476;12
342;390;7
342;476;5
342;476;7
342;476;12
343;344;5
343;344;10
343;344;13
343;405;10
343;409;5
343;409;13
343;499;10
344;405;10
344;409;5
344;409;13
344;499;10
345;66;5
345;74;7
345;346;5
345;347;5
345;348;5
345;349;5
345;388;7
345;396;7
345;484;7
345;486;7
346;347;5
346;348;5
346;349;5
347;348;5
347;349;5
348;349;5
348;414;5
348;414;6
349;477;5
349;477;11
350;364;5
350;387;7
350;475;5
350;487;7
351;73;5
351;73;12
351;79;6
351;143;5
351;143;12
351;352;5
351;352;12
351;361;5
351;361;12
351;365;5
351;365;12
352;73;5
352;73;12
352;78;5
352;78;7
352;143;5
352;143;12
352;361;5
352;361;12
352;365;5
352;365;12
353;78;5
353;78;12
353;358;5
353;358;12
353;359;5
353;359;12
354;355;5
354;356;5
354;357;5
354;479;5
355;356;5
355;357;5
355;479;5
356;357;5
356;479;5
357;479;5
358;78;5
358;78;12
358;359;5
358;359;12
359;78;5
359;78;12
360;480;5
360;480;12
361;143;5
361;143;12
361;365;5
361;365;12
362;257;5
362;257;8
362;257;15
362;363;5
362;363;8
362;363;15
362;400;5
362;400;8
362;400;15
362;497;8
363;257;5
363;257;8
363;257;15
363;400;5
363;400;8
363;400;15
363;497;8
364;475;5
365;143;5
365;143;12
366;367;5
366;367;8
366;367;14
366;367;15
366;368;5
366;368;8
366;368;14
366;368;15
366;369;5
366;369;8
366;369;14
366;369;15
366;478;5
366;478;8
366;478;14
366;478;15
367;368;5
367;368;8
367;368;14
367;368;15
367;369;5
367;369;8
367;369;14
367;369;15
367;478;5
367;478;8
367;478;14
367;478;15
368;369;5
368;369;8
368;369;14
368;369;15
368;478;5
368;478;8
368;478;14
368;478;15
369;478;5
369;478;8
369;478;14
369;478;15
370;153;6
371;76;6
371;327;6
371;378;6
371;379;6
371;380;6
371;482;6
372;373;6
372;374;6
372;375;6
372;376;6
372;377;6
372;504;11
373;374;6
373;375;6
373;376;6
373;377;6
373;481;6
374;375;6
374;376;6
375;376;6
376;377;6
377;481;6
378;379;6
378;380;6
378;482;6
379;380;6
379;482;6
380;482;6
381;27;7
381;74;7
381;333;7
381;345;7
381;346;7
381;382;7
381;383;7
381;386;7
381;388;7
381;396;7
381;484;7
382;346;7
383;74;7
383;345;7
383;386;7
383;388;7
383;396;7
383;484;7
384;385;7
384;385;9
384;483;7
385;483;7
386;74;7
386;345;7
386;388;7
386;396;7
386;484;7
387;487;7
388;396;7
388;484;7
389;485;7
390;476;7
390;502;11
391;489;7
392;491;7
393;488;7
394;493;7
394;509;13
394;513;14
395;492;7
396;484;7
397;56;10
397;178;10
397;399;8
397;404;10
397;405;10
397;494;8
398;495;8
399;494;8
400;497;8
401;320;9
401;498;9
402;160;10
402;403;10
403;160;10
404;179;10
404;405;10
404;406;10
405;499;10
406;179;10
407;501;10
407;501;11
408;164;11
408;165;11
408;166;11
409;263;11
409;390;11
409;502;11
410;386;11
411;215;11
411;218;11
411;467;11
411;510;14
412;79;11
413;503;11
414;415;13
414;508;13
415;508;13
416;296;13
417;511;14
418;512;14
